EMP_Micro,EMP_Meso,EMP_Macro,STN_Meso,STN_Macro,FMWT_Meso,FMWT_Macro,twentymm_Meso,FRP_Meso,FRP_Macro,YBFMP,LI_Meso,LI_Micro,Lifestage,Taxname,Level,Phylum,Class,Order,Family,Genus,Species,Intro,EMPstart,EMPend,FMWTstart,FMWTend,twentymmstart,twentymmend,twentymmstart2,IBMR
NA,NA,NA,NA,NA,NA,NA,NA,Leech,Leech,NA,NA,NA,Undifferentiated,Hirudinea,Class,Annelida,Hirudinea,NA,NA,NA,NA,NA,NA,NA,NA,NA,NA,NA,NA,other
NA,NA,NA,NA,NA,NA,NA,NA,Lumbricidae,Lumbricidae,NA,NA,NA,Adult,Annelida,Phylum,Annelida,NA,NA,NA,NA,NA,NA,NA,NA,NA,NA,1/1/1995,1/1/2006,NA,other
NA,NA,NA,NA,NA,NA,NA,NA,Stylaria,Stylaria,NA,NA,NA,Adult,Annelida,Phylum,Annelida,NA,NA,NA,NA,NA,NA,NA,NA,NA,NA,NA,NA,NA,other
NA,NA,NA,NA,NA,NA,NA,NA,Oligocheate,Oligocheate,NA,NA,NA,Undifferentiated,Annelida,Phylum,Annelida,NA,NA,NA,NA,NA,NA,NA,NA,NA,NA,NA,NA,NA,other
NA,NA,NA,NA,NA,NA,NA,NA,Hediste limnicola,Hediste limnicola,NA,NA,NA,Undifferentiated,Lumbricidae,Family,Annelida,Oligochaeta,Haplotaxida,Lumbricidae,NA,NA,NA,NA,NA,NA,NA,NA,NA,NA,other
NA,NA,NA,NA,NA,NA,NA,NA,Polychaete,Polychaete,NA,NA,NA,Undifferentiated,Stylaria,Genus,Annelida,Oligochaeta,Haplotaxida,Naididae,Stylaria,NA,NA,NA,NA,NA,NA,NA,NA,NA,other
NA,NA,NA,NA,NA,NA,NA,NA,NA,NA,Annelida undifferentiated,NA,NA,Undifferentiated,Oligochaeta,Class,Annelida,Oligochaeta,NA,NA,NA,NA,NA,NA,NA,NA,NA,NA,NA,NA,other
NA,NA,NA,NA,NA,NA,NA,Annelid worms,NA,NA,NA,NA,NA,Undifferentiated,Polychaeta,Class,Annelida,Polychaeta,NA,NA,NA,NA,NA,NA,NA,NA,NA,NA,NA,NA,other
NA,NA,NA,NA,NA,NA,NA,NA,Worm UNID,Worm UNID,NA,NA,NA,Undifferentiated,Hediste limnicola,Species,Annelida,Polychaeta,Phyllodocida,Nereididae,Hediste,limnicola,NA,NA,NA,NA,NA,NA,NA,NA,other
NA,NA,NA,NA,NA,NA,NA,NA,Spider,Spider,NA,NA,NA,Adult,Araneae,Order,Arthropoda,Arachnida,Araneae,NA,NA,NA,NA,NA,NA,NA,NA,NA,NA,NA,other
NA,NA,NA,NA,NA,NA,NA,NA,Mite,Mite,NA,NA,NA,Adult,Hydrachnidia,Order,Arthropoda,Arachnida,Hydrachnidia ,NA,NA,NA,NA,NA,NA,NA,NA,NA,NA,NA,other
NA,NA,NA,NA,NA,NA,NA,NA,NA,NA,Alona sp. undifferentiated,NA,NA,Adult,Bosmina longirostris,Species,Arthropoda,Branchiopoda,Cladocera,Bosminidae,Bosmina,Bosmina longirostris,NA,1/1/1972,NA,1/1/1972,NA,1/1/1995,NA,NA,othclad
NA,NA,NA,NA,NA,NA,NA,NA,NA,NA,Alonella sp. undifferentiated,NA,NA,Adult,Monospilus dispar,Species,Arthropoda,Branchiopoda,Cladocera,Chydoridae,Monospilus,dispar,NA,NA,NA,NA,NA,NA,NA,NA,othclad
NA,BOSMINA,NA,BOSMINA,NA,BOSMINA,NA,Bosmina,Bosmina,Bosmina,Bosmina longirostris undifferentiated,NA,NA,Adult,Ceriodaphnia,Genus,Arthropoda,Branchiopoda,Cladocera,Daphniidae,Ceriodaphnia,NA,NA,NA,NA,NA,NA,1/1/1995,NA,NA,othclad
NA,NA,NA,NA,NA,NA,NA,NA,NA,NA,Ceriodaphnia sp. undifferentiated,NA,NA,Adult,Chydorus,Genus,Arthropoda,Branchiopoda,Cladocera,Chydoridae,Chydorus,NA,NA,NA,NA,NA,NA,NA,NA,NA,othclad
NA,NA,NA,NA,NA,NA,NA,NA,NA,NA,Chydorus sp. undifferentiated,NA,NA,Adult,Cladocera,Order,Arthropoda,Branchiopoda,Cladocera,NA,NA,NA,NA,NA,NA,NA,NA,1/1/2006,NA,NA,othclad
NA,NA,NA,NA,NA,NA,NA,NA,NA,NA,Cladocera nauplius,NA,NA,Adult,Cladocera,Order,Arthropoda,Branchiopoda,Cladocera,NA,NA,NA,NA,1/1/1972,NA,1/1/1972,NA,1/1/1995,NA,NA,othclad
NA,NA,NA,NA,NA,NA,NA,NA,NA,NA,Cladocera undifferentiated,Cladocera,Cladocera,Adult,Daphnia,Genus,Arthropoda,Branchiopoda,Cladocera,Daphniidae,Daphnia,NA,1/1/1972,1/1/1972,NA,1/1/1972,NA,1/1/1995,NA,NA,othclad
NA,NA,NA,NA,NA,NA,NA,NA,NA,NA,Daphnia sp. juvenile,NA,NA,Adult,Diaphanosoma,Genus,Arthropoda,Branchiopoda,Cladocera,Sididae,Diaphanosoma,NA,NA,1/1/1972,NA,1/1/1972,NA,1/1/1995,NA,NA,othclad
NA,NA,NA,NA,NA,NA,NA,NA,NA,NA,Daphnia sp. undifferentiated,NA,NA,Adult,Holopedium,Genus,Arthropoda,Branchiopoda,Cladocera,Holopedidae,Holopedium,NA,NA,NA,NA,NA,NA,NA,NA,NA,othclad
NA,NA,NA,NA,NA,NA,NA,NA,NA,NA,Diaphanosoma sp. undifferentiated,NA,NA,Adult,Ilyocryptus,Genus,Arthropoda,Branchiopoda,Cladocera,Ilyocryptidae,Ilyocryptus,NA,NA,NA,NA,NA,NA,NA,NA,NA,othclad
NA,NA,NA,NA,NA,NA,NA,NA,NA,NA,Disparalona sp. undifferentiated,NA,NA,Adult,Latona,Genus,Arthropoda,Branchiopoda,Cladocera,Sididae,Latona,NA,NA,NA,NA,NA,NA,NA,NA,NA,othclad
NA,NA,NA,NA,NA,NA,NA,NA,NA,NA,Eurycercus sp. undifferentiated,NA,NA,Adult,Macrothricidae,Family,Arthropoda,Branchiopoda,Cladocera,Macrothricidae,NA,NA,NA,NA,NA,NA,NA,NA,NA,NA,othclad
NA,NA,NA,NA,NA,NA,NA,NA,NA,NA,Graptoleberis sp. undifferentiated,NA,NA,Adult,Moina,Genus,Arthropoda,Branchiopoda,Cladocera,Moinidae,Moina,NA,NA,NA,NA,NA,NA,NA,NA,NA,othclad
NA,NA,NA,NA,NA,NA,NA,NA,NA,NA,Ilyocryptus sp. undifferentiated,NA,NA,Adult,Scapholeberis,Genus,Arthropoda,Branchiopoda,Cladocera,Daphniidae,Scapholeberis,NA,NA,NA,NA,NA,NA,NA,NA,NA,othclad
NA,NA,NA,NA,NA,NA,NA,NA,NA,NA,Kurzia sp. undifferentiated,NA,NA,Adult,Sida,Genus,Arthropoda,Branchiopoda,Cladocera,Sididae,Sida,NA,NA,NA,NA,NA,NA,NA,NA,NA,othclad
NA,NA,NA,NA,NA,NA,NA,NA,NA,NA,Leydigia sp. undifferentiated,NA,NA,Adult,Simocephalus,Genus,Arthropoda,Branchiopoda,Cladocera,Daphniidae,Simocephalus,NA,NA,NA,NA,NA,NA,NA,NA,NA,othclad
NA,NA,NA,NA,NA,NA,NA,NA,NA,NA,Macrothrix sp. undifferentiated,NA,NA,Juvenile,Daphnia,Genus,Arthropoda,Branchiopoda,Cladocera,Daphniidae,Daphnia,NA,NA,NA,NA,NA,NA,NA,NA,NA,daphnia
NA,NA,NA,NA,NA,NA,NA,NA,NA,NA,Moina sp. undifferentiated,NA,NA,Larva,Cladocera,Order,Arthropoda,Branchiopoda,Cladocera,NA,NA,NA,NA,NA,NA,NA,NA,NA,NA,NA,othclad
NA,NA,NA,NA,NA,NA,NA,NA,NA,NA,Monospilus dispar undifferentiated,NA,NA,Undifferentiated,Alona,Genus,Arthropoda,Branchiopoda,Cladocera,Chydoridae,Alona,NA,NA,NA,NA,NA,NA,NA,NA,NA,othclad
NA,NA,NA,NA,NA,NA,NA,NA,NA,NA,Monospilus sp. undifferentiated,NA,NA,Undifferentiated,Alonella,Genus,Arthropoda,Branchiopoda,Cladocera,Chydoridae,Alonella,NA,NA,NA,NA,NA,NA,NA,NA,NA,othclad
NA,NA,NA,NA,NA,NA,NA,NA,NA,NA,Picripleuroxus sp. undifferentiated,NA,NA,Undifferentiated,Ceriodaphnia,Genus,Arthropoda,Branchiopoda,Cladocera,Daphniidae,Ceriodaphnia,NA,NA,NA,NA,NA,NA,NA,NA,NA,othclad
NA,NA,NA,NA,NA,NA,NA,NA,NA,NA,Pleuroxus sp. undifferentiated,NA,NA,Undifferentiated,Chydorus,Genus,Arthropoda,Branchiopoda,Cladocera,Chydoridae,Chydorus,NA,NA,NA,NA,NA,NA,NA,NA,NA,othclad
NA,NA,NA,NA,NA,NA,NA,NA,NA,NA,Pseudochydorus globosus undifferentiated,NA,NA,Undifferentiated,Cladocera,Order,Arthropoda,Branchiopoda,Cladocera,NA,NA,NA,NA,NA,NA,NA,NA,NA,NA,NA,othclad
NA,NA,NA,NA,NA,NA,NA,NA,NA,NA,Pseudochydorus sp. undifferentiated,NA,NA,Undifferentiated,Daphnia,Genus,Arthropoda,Branchiopoda,Cladocera,Daphniidae,Daphnia,NA,NA,NA,NA,NA,NA,NA,NA,NA,daphnia
NA,NA,NA,NA,NA,NA,NA,NA,NA,NA,Scapholeberis sp. undifferentiated,NA,NA,Undifferentiated,Diaphanosoma,Genus,Arthropoda,Branchiopoda,Cladocera,Sididae,Diaphanosoma,NA,NA,NA,NA,NA,NA,NA,NA,NA,othclad
NA,NA,NA,NA,NA,NA,NA,NA,NA,NA,Sida sp. undifferentiated,NA,NA,Undifferentiated,Disparalona,Genus,Arthropoda,Branchiopoda,Cladocera,Chydoridae,Disparalona,NA,NA,NA,NA,NA,NA,NA,NA,NA,othclad
NA,NA,NA,NA,NA,NA,NA,NA,NA,NA,Simocephalus sp. undifferentiated,NA,NA,Undifferentiated,Eurycercus,Genus,Arthropoda,Branchiopoda,Cladocera,Chydoridae,Eurycercus,NA,NA,NA,NA,NA,NA,NA,NA,NA,othclad
NA,NA,NA,NA,NA,NA,NA,Ceriodaphnia,Ceriodaphnia,Ceriodaphnia,NA,NA,NA,Undifferentiated,Graptoleberis,Genus,Arthropoda,Branchiopoda,Cladocera,Chydoridae,Graptoleberis,NA,NA,NA,NA,NA,NA,NA,NA,NA,othclad
NA,NA,NA,NA,NA,NA,NA,NA,Chydorus,Chydorus,NA,NA,NA,Undifferentiated,Ilyocryptus,Genus,Arthropoda,Branchiopoda,Cladocera,Ilyocryptidae,Ilyocryptus,NA,NA,NA,NA,NA,NA,NA,NA,NA,othclad
NA,NA,NA,NA,NA,NA,NA,UnID cladocera,Cladocera,Cladocera,NA,NA,NA,Undifferentiated,Kurzia,Genus,Arthropoda,Branchiopoda,Cladocera,Chydoridae,Kurzia,NA,NA,NA,NA,NA,NA,NA,NA,NA,othclad
NA,OTHCLADO,NA,OTHCLADO,NA,OTHCLADO,NA,Other cladocera,Cladocera Other,Cladocera Other,NA,NA,NA,Undifferentiated,Leydigia,Genus,Arthropoda,Branchiopoda,Cladocera,Chydoridae,Leydigia,NA,NA,NA,NA,NA,NA,NA,NA,NA,othclad
NA,DAPHNIA,NA,DAPHNIA,NA,DAPHNIA,NA,Daphnia,Daphnia,Daphnia,NA,NA,NA,Undifferentiated,Macrothricidae,Family,Arthropoda,Branchiopoda,Cladocera,Macrothricidae,Macrothrix,NA,NA,NA,NA,NA,NA,NA,NA,NA,othclad
NA,DIAPHAN,NA,DIAPHAN,NA,DIAPHAN,NA,Diaphanosoma,Diaphanosoma,Diaphanosoma,NA,NA,NA,Undifferentiated,Moina,Genus,Arthropoda,Branchiopoda,Cladocera,Moinidae,Moina,NA,NA,NA,NA,NA,NA,NA,NA,NA,othclad
NA,NA,NA,NA,NA,NA,NA,NA,Holopedium,Holopedium,NA,NA,NA,Undifferentiated,Monospilus,Genus,Arthropoda,Branchiopoda,Cladocera,Chydoridae,Monospilus,NA,NA,NA,NA,NA,NA,NA,NA,NA,othclad
NA,NA,NA,NA,NA,NA,NA,NA,Ilyocryptus,Ilyocryptus,NA,NA,NA,Undifferentiated,Picripleuroxus,Genus,Arthropoda,Branchiopoda,Cladocera,Chydoridae,Picripleuroxus,NA,NA,NA,NA,NA,NA,NA,NA,NA,othclad
NA,NA,NA,NA,NA,NA,NA,NA,Latona,Latona,NA,NA,NA,Undifferentiated,Pleuroxus,Genus,Arthropoda,Branchiopoda,Cladocera,Chydoridae,Pleuroxus,NA,NA,NA,NA,NA,NA,NA,NA,NA,othclad
NA,NA,NA,NA,NA,NA,NA,NA,Leptodora,Leptodora,NA,NA,NA,Undifferentiated,Pseudochydorus globosus,Species,Arthropoda,Branchiopoda,Cladocera,Chydoridae,Pseudochydorus,globosus,NA,NA,NA,NA,NA,NA,NA,NA,othclad
NA,NA,NA,NA,NA,NA,NA,NA,Macrothricidae,Macrothricidae,NA,NA,NA,Undifferentiated,Pseudochydorus,Species,Arthropoda,Branchiopoda,Cladocera,Chydoridae,Pseudochydorus,NA,NA,NA,NA,NA,NA,NA,NA,NA,othclad
NA,NA,NA,NA,NA,NA,NA,NA,Moina,Moina,NA,NA,NA,Undifferentiated,Scapholeberis,Genus,Arthropoda,Branchiopoda,Cladocera,Daphniidae,Scapholeberis,NA,NA,NA,NA,NA,NA,NA,NA,NA,othclad
NA,NA,NA,NA,NA,NA,NA,NA,Scapholeberis,Scapholeberis,NA,NA,NA,Undifferentiated,Sida,Genus,Arthropoda,Branchiopoda,Cladocera,Sididae,Sida,NA,NA,NA,NA,NA,NA,NA,NA,NA,othclad
NA,NA,NA,NA,NA,NA,NA,NA,Sida,Sida,NA,NA,NA,Undifferentiated,Simocephalus,Genus,Arthropoda,Branchiopoda,Cladocera,Daphniidae,Simocephalus,NA,NA,NA,NA,NA,NA,NA,NA,NA,othclad
NA,NA,NA,NA,NA,NA,NA,NA,Simocephalus,Simocephalus,NA,NA,NA,Undifferentiated,Leptodora,Genus,Arthropoda,Branchiopoda,Cladocera,Leptodoridae,Leptodora,NA,NA,NA,NA,NA,NA,NA,NA,NA,othclad
NA,NA,NA,NA,NA,NA,NA,NA,NA,NA,Anchistropus sp. undifferentiated,NA,NA,Undifferentiated,Anchistropus,Genus,Arthropoda,Branchiopoda,Diplostraca,Chydoridae,Anchistropus,NA,NA,NA,NA,NA,NA,NA,NA,NA,NA
NA,NA,NA,NA,NA,NA,NA,NA,NA,NA,Camptocercus sp. undifferentiated,NA,NA,Undifferentiated,Camptocercus,Genus,Arthropoda,Branchiopoda,Diplostraca,Eurycercidae,Camptocercus,NA,NA,NA,NA,NA,NA,NA,NA,NA,NA
NA,NA,NA,NA,NA,NA,NA,NA,Collembola,Collembola,NA,NA,NA,Undifferentiated,Collembola,Class,Arthropoda,Collembola,NA,NA,NA,NA,NA,NA,NA,NA,NA,NA,NA,NA,NA
NA,ACARTIA,NA,ACARTIA,NA,ACARTIA,NA,Acartia spp_,Acartia spp.,Acartia spp.,Acartia sp. adult,NA,NA,Adult,Acartia,Genus,Arthropoda,Copepoda,Calanoida,Acartiidae,Acartia,NA,NA,1/1/1972,NA,1/1/1972,NA,1/1/1995,NA,NA,othcalad
NA,NA,NA,NA,NA,NA,NA,NA,NA,NA,Acartia sp. copepodid,NA,NA,Adult,Acartiella sinensis,Species,Arthropoda,Copepoda,Calanoida,Acartiidae,Acartiella,Acartiella sinensis,1/1/1993,1/1/1994,NA,1/1/1994,NA,1/1/1995,NA,NA,acartela
NA,ACARTELA,NA,ACARTELA,NA,ACARTELA,NA,Acartiella,Acartiella,Acartiella,Acartiella sinensis adult,NA,NA,Adult,Arctodiaptomus dorsalis,Species,Arthropoda,Copepoda,Calanoida,Diaptomidae,Arctodiaptomus,dorsalis,NA,NA,NA,NA,NA,NA,NA,NA,othcalad
NA,NA,NA,NA,NA,NA,NA,NA,NA,NA,Acartiella sp. copepodid,NA,NA,Adult,Calanoida,Order,Arthropoda,Copepoda,Calanoida,NA,NA,NA,NA,NA,NA,NA,NA,NA,NA,NA,othcalad
NA,NA,NA,NA,NA,NA,NA,NA,NA,NA,Arctodiaptomus dorsalis adult,NA,NA,Adult,Calanoida,Order,Arthropoda,Copepoda,Calanoida,NA,NA,NA,NA,NA,NA,NA,NA,1/1/2006,NA,NA,othcalad
NA,NA,NA,NA,NA,NA,NA,NA,Calanoid,Calanoid,Calanoida adult,NA,NA,Adult,Diaptomus dorsalis,Species,Arthropoda,Copepoda,Calanoida,Diaptomidae,Diaptomus,dorsalis,NA,NA,NA,NA,NA,NA,NA,NA,othcalad
NA,NA,NA,NA,NA,NA,NA,UnID calanoid,Calanoid UNID,Calanoid UNID,NA,NA,NA,Adult,Diaptomus siciloides,Species,Arthropoda,Copepoda,Calanoida,Diaptomidae,Diaptomus,siciloides,NA,NA,NA,NA,NA,NA,NA,NA,othcalad
NA,OTHCALJUV,NA,OTHCALJUV,NA,OTHCALJUV,NA,NA,NA,NA,Calanoida copepodid,NA,NA,Adult,Diaptomus,Genus,Arthropoda,Copepoda,Calanoida,Diaptomidae,Diaptomus,NA,NA,NA,NA,NA,NA,1/1/1995,NA,NA,othcalad
NA,NA,NA,NA,NA,NA,NA,NA,NA,NA,Diaptomus dorsalis adult,NA,NA,Adult,Eurytemora affinis,Species,Arthropoda,Copepoda,Calanoida,Temoridae,Eurytemora,Eurytemora affinis,NA,1/1/1972,NA,1/1/1972,NA,1/1/1995,NA,NA,eurytem
NA,NA,NA,NA,NA,NA,NA,NA,NA,NA,Diaptomus siciloides adult,NA,NA,Adult,Eurytemora,Genus,Arthropoda,Copepoda,Calanoida,Temoridae,Eurytemora,NA,NA,NA,NA,NA,NA,NA,NA,NA,eurytem
NA,NA,NA,NA,NA,NA,NA,Diaptomus spp_,NA,NA,Diaptomus sp. adult,NA,NA,Adult,Hesperodiaptomus californiensis,Species,Arthropoda,Copepoda,Calanoida,Diaptomidae,Hesperodiaptomus,californiensis,NA,NA,NA,NA,NA,NA,NA,NA,othcalad
NA,NA,NA,NA,NA,NA,NA,Diaptomus copepodid,NA,NA,Diaptomus sp. copepodid,NA,NA,Adult,Hesperodiaptomus franciscanus,Species,Arthropoda,Copepoda,Calanoida,Diaptomidae,Hesperodiaptomus,franciscanus,NA,NA,NA,NA,NA,NA,NA,NA,othcalad
NA,EURYTEM,NA,EURYTEM,NA,EURYTEM,NA,Eurytemora spp_,Eurytemora affinis,Eurytemora affinis,Eurytemora affinis adult,NA,NA,Adult,Hesperodiaptomus,Genus,Arthropoda,Copepoda,Calanoida,Diaptomidae,Hesperodiaptomus,NA,NA,NA,NA,NA,NA,NA,NA,NA,othcalad
NA,EURYJUV,NA,EURYJUV,NA,EURYJUV,NA,Eurytemora copepodid,Eurytemora copepodid,Eurytemora copepodid,Eurytemora affinis copepodid,NA,NA,Adult,Leptodiaptomus siciloides,Species,Arthropoda,Copepoda,Calanoida,Diaptomidae,Leptodiaptomus,siciloides,NA,NA,NA,NA,NA,NA,NA,NA,othcalad
NA,NA,NA,NA,NA,NA,NA,NA,NA,NA,Eurytemora sp. adult,NA,NA,Adult,Osphranticum labronectum,Species,Arthropoda,Copepoda,Calanoida,Centropagidae,Osphranticum,Osphranticum labronectum,NA,NA,NA,NA,NA,1/1/1995,NA,NA,othcalad
NA,NA,NA,NA,NA,NA,NA,NA,NA,NA,Hesperodiaptomus cf. californiensis adult,NA,NA,Adult,Pseudodiaptomus,Genus,Arthropoda,Copepoda,Calanoida,Pseudodiaptomidae,Pseudodiaptomus,NA,1/1/1986,NA,NA,NA,NA,1/1/1995,NA,NA,pdiapfor
NA,NA,NA,NA,NA,NA,NA,NA,NA,NA,Hesperodiaptomus franciscanus adult,NA,NA,Adult,Pseudodiaptomus forbesi,Species,Arthropoda,Copepoda,Calanoida,Pseudodiaptomidae,Pseudodiaptomus,Pseudodiaptomus forbesi,1/1/1987,1/1/1988,NA,1/1/1988,NA,1/1/2006,NA,NA,pdiapfor
NA,NA,NA,NA,NA,NA,NA,NA,NA,NA,Hesperodiaptomus sp. adult,NA,NA,Adult,Sinocalanus doerrii,Species,Arthropoda,Copepoda,Calanoida,Centropagidae,Sinocalanus,Sinocalanus doerrii,1/1/1978,1/1/1978,NA,1/1/1978,NA,1/1/1995,NA,NA,othcalad
NA,NA,NA,NA,NA,NA,NA,NA,NA,NA,Leptodiaptomus siciloides adult,NA,NA,Adult,Sinocalanus doerrii,Species,Arthropoda,Copepoda,Calanoida,Centropagidae,Sinocalanus,Sinocalanus doerrii,NA,NA,NA,NA,NA,NA,NA,NA,othcalad
NA,NA,NA,NA,NA,NA,NA,Osphranticum,Osphranticum,Osphranticum,Osphranticum labronectum adult,NA,NA,Adult,Skistodiaptomus pallidus,Species,Arthropoda,Copepoda,Calanoida,Diaptomidae,Skistodiaptomus,pallidus,NA,NA,NA,NA,NA,NA,NA,NA,othcalad
NA,NA,NA,NA,NA,NA,NA,NA,NA,NA,Osphranticum sp. copepodid,NA,NA,Adult,Skistodiaptomus,Genus,Arthropoda,Copepoda,Calanoida,Diaptomidae,Skistodiaptomus,NA,NA,NA,NA,NA,NA,NA,NA,NA,othcalad
NA,NA,NA,NA,NA,NA,NA,Pseudodiaptomus spp_,Pseudodiaptomus spp.,Pseudodiaptomus spp.,Pseudodiaptomus sp. adult,NA,NA,Adult,Tortanus,Genus,Arthropoda,Copepoda,Calanoida,Tortanidae,Tortanus,NA,1/1/1993,1/1/1994,NA,1/1/1994,NA,1/1/1995,NA,NA,othcalad
NA,PDIAPFOR,NA,PDIAPFOR,NA,PDIAPFOR,NA,Pseudodiaptomus forbesii,Pseudodiaptomus forbesi,Pseudodiaptomus forbesi,Pseudodiaptomus forbesi adult,NA,NA,Adult,Calanoida,Order,Arthropoda,Copepoda,Calanoida,NA,NA,NA,NA,1/1/1972,NA,1/1/1972,NA,1/1/1995,NA,NA,othcalad
NA,NA,NA,NA,NA,NA,NA,NA,NA,NA,Pseudodiaptomus forbesi copepodid,NA,NA,Adult,Diaptomidae,Family,Arthropoda,Copepoda,Calanoida,Diaptomidae,NA,NA,NA,1/1/1972,NA,1/1/1972,NA,NA,NA,NA,othcalad
NA,SINOCAL,NA,SINOCAL,NA,SINOCAL,NA,Sinocalanus,Sinocalanus,Sinocalanus,Sinocalanus doerrii adult,NA,NA,Adult,Pseudodiaptomus euryhalinus,Species,Arthropoda,Copepoda,Calanoida,Pseudodiaptomidae,Pseudodiaptomus,Pseudodiaptomus euryhalinus,NA,NA,NA,NA,NA,NA,NA,NA,othcalad
NA,NA,NA,NA,NA,NA,NA,NA,NA,NA,Sinocalanus doerrii copepodid,NA,NA,Adult,Pseudodiaptomus marinus,Species,Arthropoda,Copepoda,Calanoida,Pseudodiaptomidae,Pseudodiaptomus,Pseudodiaptomus marinus,1/1/1986,1/1/1988,NA,1/1/1988,NA,1/1/2006,NA,NA,othcalad
NA,NA,NA,NA,NA,NA,NA,NA,NA,NA,Sinoclanus doerii adult,NA,NA,Adult,Tortanus dextrilobatus,Species,Arthropoda,Copepoda,Calanoida,Tortanidae,Tortanus,Tortanus dextrilobatus,1/1/1993,NA,NA,NA,NA,1/1/2006,1/1/2011,NA,othcalad
NA,NA,NA,NA,NA,NA,NA,NA,NA,NA,Skistodiaptomus pallidus adult,NA,NA,Adult,Tortanus discaudatus,Species,Arthropoda,Copepoda,Calanoida,Tortanidae,Tortanus,Tortanus discaudatus,NA,NA,NA,NA,NA,NA,NA,NA,othcalad
NA,NA,NA,NA,NA,NA,NA,NA,NA,NA,Skistodiaptomus sp. adult,NA,NA,Juvenile,Acartia,Genus,Arthropoda,Copepoda,Calanoida,Acartiidae,Acartia,NA,NA,NA,NA,NA,NA,NA,NA,NA,othcaljuv
NA,TORTANUS,NA,TORTANUS,NA,TORTANUS,NA,Tortanus,Tortanus,Tortanus,Tortanus sp. adult,NA,NA,Juvenile,Acartiella sinensis,Species,Arthropoda,Copepoda,Calanoida,Acartiidae,Acartiella,Acartiella sinensis,NA,NA,NA,NA,NA,NA,NA,NA,othcaljuv
NA,NA,NA,NA,NA,NA,NA,NA,NA,NA,Tortanus sp. copepodid,NA,NA,Juvenile,Calanoida,Order,Arthropoda,Copepoda,Calanoida,NA,NA,NA,NA,1/1/1989,NA,1/1/1989,NA,NA,NA,NA,othcaljuv
NA,OTHCALAD,NA,OTHCALAD,NA,OTHCALAD,NA,Other calanoid,Calanoid Other,Calanoid Other,NA,NA,NA,Juvenile,Diaptomus,Genus,Arthropoda,Copepoda,Calanoida,Diaptomidae,Diaptomus,NA,NA,NA,NA,NA,NA,1/1/2006,NA,NA,othcaljuv
NA,ACARJUV,NA,ACARJUV,NA,ACARJUV,NA,Acartia copepodid,Acartia copepodid,Acartia copepodid,NA,NA,NA,Juvenile,Eurytemora affinis,Species,Arthropoda,Copepoda,Calanoida,Temoridae,Eurytemora,Eurytemora affinis,NA,1/1/1989,NA,1/1/1989,NA,1/1/1998,NA,NA,othcaljuv
NA,NA,NA,NA,NA,NA,NA,Acartiella copepodid,NA,NA,NA,NA,NA,Juvenile,Osphranticum,Genus,Arthropoda,Copepoda,Calanoida,Centropagidae,Osphranticum,NA,NA,NA,NA,NA,NA,NA,NA,NA,othcaljuv
NA,ASINEJUV,NA,ASINEJUV,NA,ASINEJUV,NA,NA,Acartiella copepodid,Acartiella copepodid,NA,NA,NA,Juvenile,Pseudodiaptomus forbesi,Species,Arthropoda,Copepoda,Calanoida,Pseudodiaptomidae,Pseudodiaptomus,Pseudodiaptomus forbesi,NA,NA,NA,NA,NA,NA,NA,NA,pdiapjuv
NA,CALJUV,NA,NA,NA,NA,NA,calanoid copepodid,calanoid copepodid,calanoid copepodid,NA,NA,NA,Juvenile,Sinocalanus doerrii,Species,Arthropoda,Copepoda,Calanoida,Centropagidae,Sinocalanus,Sinocalanus doerrii,NA,NA,NA,NA,NA,NA,NA,NA,othcaljuv
NA,DIAPTOM,NA,DIAPTOM,NA,DIAPTOM,NA,NA,Diaptomidae spp.,Diaptomidae spp.,NA,NA,NA,Juvenile,Tortanus,Genus,Arthropoda,Copepoda,Calanoida,Tortanidae,Tortanus,NA,NA,NA,NA,NA,NA,NA,NA,NA,othcaljuv
NA,DIAPTJUV,NA,DIAPTJUV,NA,DIAPTJUV,NA,NA,Diaptomidae copepodid,Diaptomidae copepodid,NA,NA,NA,Juvenile,Acartia,Genus,Arthropoda,Copepoda,Calanoida,Acartiidae,Acartia,NA,NA,1/1/2006,NA,1/1/2006,NA,1/1/2006,NA,NA,othcaljuv
NA,NA,NA,NA,NA,NA,NA,Eurytemora nauplii,Eurytemora nauplii,Eurytemora nauplii,NA,NA,NA,Juvenile,Acartiella,Genus,Arthropoda,Copepoda,Calanoida,Acartiidae,Acartiella,NA,1/1/1993,NA,NA,NA,NA,1/1/2006,NA,NA,othcaljuv
EURYNAUP,EURYNAUP,NA,EURYNAUP,NA,EURYNAUP,NA,NA,NA,NA,NA,NA,NA,Juvenile,Acartiella sinensis,Species,Arthropoda,Copepoda,Calanoida,Acartiidae,Acartiella,Acartiella sinensis,1/1/1993,1/1/2006,NA,1/1/2006,NA,NA,NA,NA,othcaljuv
NA,PDIAPJUV,NA,PDIAPJUV,NA,PDIAPJUV,NA,Pseudodiaptomus copepodid,Pseudodiaptomus copepodid,Pseudodiaptomus copepodid,NA,NA,NA,Juvenile,Calanoida,Order,Arthropoda,Copepoda,Calanoida,NA,NA,NA,NA,1/1/1972,1/1/1989,NA,NA,1/1/1995,NA,NA,othcaljuv
PDIAPNAUP,PDIAPNAUP,NA,PDIAPNAUP,NA,PDIAPNAUP,NA,Pseudodiaptomus nauplii,Pseudodiaptomus nauplii,Pseudodiaptomus nauplii,NA,NA,NA,Juvenile,Diaptomidae,Family,Arthropoda,Copepoda,Calanoida,Diaptomidae,NA,NA,NA,1/1/2006,NA,1/1/2006,NA,NA,NA,NA,othcaljuv
NA,NA,NA,NA,NA,NA,NA,Pseudodiaptomus euryhalinus,Pseudodiaptomus euryhalinus,Pseudodiaptomus euryhalinus,NA,NA,NA,Juvenile,Pseudodiaptomus,Genus,Arthropoda,Copepoda,Calanoida,Pseudodiaptomidae,Pseudodiaptomus,NA,1/1/1986,1/1/1990,NA,1/1/1990,NA,1/1/1998,NA,NA,othcaljuv
NA,PDIAPMAR,NA,PDIAPMAR,NA,PDIAPMAR,NA,Pseudodiaptomus marinus,Pseudodiaptomus marinus,Pseudodiaptomus marinus,NA,NA,NA,Juvenile,Sinocalanus,Genus,Arthropoda,Copepoda,Calanoida,Centropagidae,Sinocalanus,NA,1/1/1978,1/1/1989,NA,1/1/1989,NA,1/1/2006,NA,NA,othcaljuv
NA,SINOCALJUV,NA,SINOCALJUV,NA,SINOCALJUV,NA,Sinocalanus copepodid,Sinocalanus copepodid,Sinocalanus copepodid,NA,NA,NA,Juvenile,Tortanus,Genus,Arthropoda,Copepoda,Calanoida,Tortanidae,Tortanus,NA,1/1/1993,1/1/2006,NA,1/1/2006,NA,1/1/2006,NA,NA,othcaljuv
NA,NA,NA,NA,NA,NA,NA,Sinocalanus nauplii,NA,NA,NA,NA,NA,Larva,Eurytemora,Genus,Arthropoda,Copepoda,Calanoida,Temoridae,Eurytemora,NA,NA,NA,NA,NA,NA,1/1/2006,NA,NA,allcopnaup
SINONAUP,SINONAUP,NA,SINONAUP,NA,SINONAUP,NA,NA,Sinocalanus nauplii,Sinocalanus nauplii,NA,NA,NA,Larva,Eurytemora affinis,Species,Arthropoda,Copepoda,Calanoida,Temoridae,Eurytemora,Eurytemora affinis,NA,1/1/1989,NA,1/1/1989,NA,NA,NA,NA,allcopnaup
NA,TORTJUV,NA,TORTJUV,NA,TORTJUV,NA,Tortanus copepodid,Tortanus copepodid,Tortanus copepodid,NA,NA,NA,Larva,Pseudodiaptomus,Genus,Arthropoda,Copepoda,Calanoida,Pseudodiaptomidae,Pseudodiaptomus,NA,1/1/1986,1/1/2000,NA,1/1/2000,NA,1/1/2006,NA,NA,allcopnaup
NA,NA,NA,NA,NA,NA,NA,Tortanus dextrilobatus,Tortanus dextrilobatus,Tortanus dextrilobatus,NA,NA,NA,Larva,Sinocalanus,Genus,Arthropoda,Copepoda,Calanoida,Centropagidae,Sinocalanus,NA,1/1/1978,NA,NA,NA,NA,1/1/2006,NA,NA,allcopnaup
NA,NA,NA,NA,NA,NA,NA,Tortanus discaudatus,Tortanus discaudatus,Tortanus discaudatus,NA,NA,NA,Larva,Sinocalanus doerrii,Species,Arthropoda,Copepoda,Calanoida,Centropagidae,Sinocalanus,Sinocalanus doerrii,1/1/1978,1/1/1989,NA,1/1/1989,NA,NA,NA,NA,allcopnaup
NA,NA,NA,NA,NA,NA,NA,NA,NA,NA,NA,Eurytemora affinis,Eurytemora affinis,Undifferentiated,Eurytemora affinis,Species,Arthropoda,Copepoda,Calanoida,Temoridae,Eurytemora,Eurytemora affinis,NA,NA,NA,NA,NA,NA,NA,NA,othcalad
NA,NA,NA,NA,NA,NA,NA,NA,NA,NA,NA,Sinocalanus doerrii,Sinocalanus doerrii,Undifferentiated,Sinocalanus doerrii,Species,Arthropoda,Copepoda,Calanoida,Centropagidae,Sinocalanus,Sinocalanus doerrii,1/1/1978,NA,NA,NA,NA,NA,NA,NA,othcalad
NA,NA,NA,NA,NA,NA,NA,NA,NA,NA,NA,Pseudodiaptomus forbesi,Pseudodiaptomus forbesi,Undifferentiated,Pseudodiaptomus forbesi,Species,Arthropoda,Copepoda,Calanoida,Pseudodiaptomidae,Pseudodiaptomus,Pseudodiaptomus forbesi,1/1/1987,NA,NA,NA,NA,NA,NA,NA,othcalad
NA,ACANTHO,NA,ACANTHO,NA,ACANTHO,NA,NA,NA,NA,Acanthocyclops sp. adult,NA,NA,Adult,Acanthocyclops,Species,Arthropoda,Copepoda,Cyclopoida,Cyclopidae,Acanthocyclops,NA,NA,1/1/1972,NA,1/1/1972,NA,NA,NA,NA,othcyc
NA,NA,NA,NA,NA,NA,NA,NA,NA,NA,Acanthocyclops vernalis copepodid,NA,NA,Adult,Acanthocyclops vernalis,Species,Arthropoda,Copepoda,Cyclopoida,Cyclopidae,Acanthocyclops,Acanthocyclops vernalis,NA,1/1/1972,NA,1/1/1972,NA,1/1/1995,1/1/2011,1/1/2014,othcyc
NA,AVERNAL,NA,AVERNAL,NA,AVERNAL,NA,Acanthocyclops,Acanthocyclops,Acanthocyclops,Acanthocyclops vernalis adult,NA,NA,Adult,Cyclopoida,Order,Arthropoda,Copepoda,Cyclopoida,NA,NA,NA,NA,1/1/1972,NA,1/1/1972,NA,1/1/1995,NA,NA,othcyc
NA,OTHCYCAD,NA,OTHCYCAD,NA,OTHCYCAD,NA,Other cyclopoid,Cyclopoid Other,Cyclopoid Other,Cyclopoida adult,NA,NA,Adult,Cyclopoida,Order,Arthropoda,Copepoda,Cyclopoida,NA,NA,NA,NA,NA,NA,NA,NA,NA,NA,NA,othcyc
NA,NA,NA,NA,NA,NA,NA,UnID cyclopoid,Cyclopoid UNID,Cyclopoid UNID,NA,NA,NA,Adult,Diacyclops,Genus,Arthropoda,Copepoda,Cyclopoida,Cyclopodidae,Diacyclops,NA,NA,NA,NA,NA,NA,NA,NA,NA,othcyc
CYCJUV,CYCJUV,NA,NA,NA,NA,NA,cyclopoid copepodid,Cyclopoid copepodid,Cyclopoid copepodid,Cyclopoida copepodid,NA,NA,Adult,Diacyclops thomasi,Species,Arthropoda,Copepoda,Cyclopoida,Cyclopodidae,Diacyclops,thomasi,NA,NA,NA,NA,NA,NA,NA,NA,othcyc
NA,NA,NA,NA,NA,NA,NA,NA,NA,NA,Diacyclops sp. adult,NA,NA,Adult,Platycyclops phaleratus,Species,Arthropoda,Copepoda,Cyclopoida,Cyclopidae,Platycyclops,phaleratus,NA,NA,NA,NA,NA,NA,NA,NA,othcyc
NA,NA,NA,NA,NA,NA,NA,NA,Diacyclops,Diacyclops,Diacyclops thomasi adult,NA,NA,Adult,Ergasilus,Genus,Arthropoda,Copepoda,Cyclopoida,Cyclopidae,Ergasilus,NA,NA,NA,NA,NA,NA,NA,NA,NA,othcyc
NA,NA,NA,NA,NA,NA,NA,NA,NA,NA,Ectocyclops phaleratus adult,NA,NA,Adult,Eucyclops agilis,Species,Arthropoda,Copepoda,Cyclopoida,Cyclopidae,Eucyclops,agilis,NA,NA,NA,NA,NA,NA,NA,NA,othcyc
NA,NA,NA,NA,NA,NA,NA,NA,NA,NA,Ectocyclops phaleratus copepodid,NA,NA,Adult,Eucyclops elegans,Species,Arthropoda,Copepoda,Cyclopoida,Cyclopidae,Eucyclops,elegans,NA,NA,NA,NA,NA,NA,NA,NA,othcyc
NA,NA,NA,NA,NA,NA,NA,NA,NA,NA,Ergasilus sp. adult,NA,NA,Adult,Eucyclops pectinifer,Species,Arthropoda,Copepoda,Cyclopoida,Cyclopidae,Eucyclops,pectinifer,NA,NA,NA,NA,NA,NA,NA,NA,othcyc
NA,NA,NA,NA,NA,NA,NA,NA,NA,NA,Ergasilus sp. copepodid,NA,NA,Adult,Platycyclops phaleratus,Species,Arthropoda,Copepoda,Cyclopoida,Cyclopidae,Platycyclops,phaleratus,NA,NA,NA,NA,NA,NA,NA,NA,othcyc
NA,NA,NA,NA,NA,NA,NA,NA,NA,NA,Eucyclops agilis adult,NA,NA,Adult,Eucyclops prionophorus,Species,Arthropoda,Copepoda,Cyclopoida,Cyclopidae,Eucyclops,prionophorus,NA,NA,NA,NA,NA,NA,NA,NA,othcyc
NA,NA,NA,NA,NA,NA,NA,NA,NA,NA,Eucyclops elegans adult,NA,NA,Adult,Eucyclops,Genus,Arthropoda,Copepoda,Cyclopoida,Cyclopidae,Eucyclops,NA,NA,NA,NA,NA,NA,NA,NA,NA,othcyc
NA,NA,NA,NA,NA,NA,NA,NA,NA,NA,Eucyclops pectinifer adult,NA,NA,Adult,Lernaea,Genus,Arthropoda,Copepoda,Cyclopoida,Lernaeidae,Lernaea,NA,NA,NA,NA,NA,NA,NA,NA,NA,othcyc
NA,NA,NA,NA,NA,NA,NA,NA,NA,NA,Eucyclops phaleratus adult,NA,NA,Adult,Limnoithona sinensis,Species,Arthropoda,Copepoda,Cyclopoida,Cyclopettidae,Limnoithona,Limnoithona sinensis,1/1/1979,1/1/2007,NA,1/1/2007,NA,1/1/2006,NA,NA,limno
NA,NA,NA,NA,NA,NA,NA,NA,NA,NA,Eucyclops prionophorus adult,NA,NA,Adult,Limnoithona,Genus,Arthropoda,Copepoda,Cyclopoida,Cyclopettidae,Limnoithona,NA,1/1/1979,1/1/1979,NA,1/1/1979,NA,NA,NA,NA,limno
NA,NA,NA,NA,NA,NA,NA,NA,Eucyclops,Eucyclops,Eucyclops sp. adult,NA,NA,Adult,Limnoithona tetraspina,Species,Arthropoda,Copepoda,Cyclopoida,Cyclopettidae,Limnoithona,Limnoithona tetraspina,1/1/1993,1/1/2007,NA,1/1/2007,NA,1/1/2006,NA,NA,limno
NA,NA,NA,NA,NA,NA,NA,NA,NA,NA,Lernaea sp. undifferentiated,NA,NA,Adult,Macrocyclops albidus,Species,Arthropoda,Copepoda,Cyclopoida,Cyclopidae,Macrocyclops,albidus,NA,NA,NA,NA,NA,NA,NA,NA,othcyc
LIMNOSINE,LIMNOSINE,NA,LIMNOSINE,NA,LIMNOSINE,NA,Limnoithona sinensis,Limnoithona sinensis,Limnoithona sinensis,Limnoithona sinensis adult,NA,NA,Adult,Macrocyclops,Genus,Arthropoda,Copepoda,Cyclopoida,Cyclopidae,Macrocyclops,NA,NA,NA,NA,NA,NA,NA,NA,NA,othcyc
LIMNOSPP,LIMNOSPP,NA,LIMNOSPP,NA,LIMNOSPP,NA,Limnoithona spp_,Limnoithona spp.,Limnoithona spp.,Limnoithona sp. adult,NA,NA,Adult,Mesocyclops edax,Species,Arthropoda,Copepoda,Cyclopoida,Cyclopidae,Mesocyclops,edax,NA,NA,NA,NA,NA,NA,NA,NA,othcyc
LIMNOJUV,LIMNOJUV,NA,LIMNOJUV,NA,LIMNOJUV,NA,Limnoithona juvenile,NA,NA,Limnoithona sp. copepodid,NA,NA,Adult,Microcyclops rubellus,Species,Arthropoda,Copepoda,Cyclopoida,Cyclopidae,Microcyclops,rubellus,NA,NA,NA,NA,NA,NA,NA,NA,othcyc
LIMNOTET,LIMNOTET,NA,LIMNOTET,NA,LIMNOTET,NA,Limnoithona tetraspina,Limnoithona tetraspina,Limnoithona tetraspina,Limnoithona tetraspina adult,NA,NA,Adult,Microcyclops,Genus,Arthropoda,Copepoda,Cyclopoida,Cyclopidae,Microcyclops,NA,NA,NA,NA,NA,NA,NA,NA,NA,othcyc
NA,NA,NA,NA,NA,NA,NA,NA,NA,NA,Macrocyclops albidus adult,NA,NA,Adult,Oithona davisae,Species,Arthropoda,Copepoda,Cyclopoida,Oithonidae,Oithona,Oithona davisae,1/1/1963,1/1/1980,NA,1/1/1980,NA,1/1/1995,NA,NA,othcyc
NA,NA,NA,NA,NA,NA,NA,NA,Macrocyclops,Macrocyclops,Macrocyclops sp. adult,NA,NA,Adult,Oithona similis,Species,Arthropoda,Copepoda,Cyclopoida,Oithonidae,Oithona,Oithona similis,NA,1/1/1980,NA,1/1/1980,NA,1/1/1995,NA,NA,othcyc
NA,NA,NA,NA,NA,NA,NA,NA,NA,NA,Mesocyclops edax adult,NA,NA,Adult,Oithona,Genus,Arthropoda,Copepoda,Cyclopoida,Oithonidae,Oithona,NA,NA,1/1/2007,NA,1/1/1980,NA,1/1/1995,NA,NA,othcyc
NA,NA,NA,NA,NA,NA,NA,NA,NA,NA,Microcyclops rubellus adult,NA,NA,Adult,Paracyclops chiltoni,Species,Arthropoda,Copepoda,Cyclopoida,Cyclopidae,Paracyclops,chiltoni,NA,NA,NA,NA,NA,NA,NA,NA,othcyc
NA,NA,NA,NA,NA,NA,NA,NA,NA,NA,Microcyclops sp. adult,NA,NA,Adult,Paracyclops fimbriatus,Species,Arthropoda,Copepoda,Cyclopoida,Cyclopidae,Paracyclops,fimbriatus,NA,NA,NA,NA,NA,NA,NA,NA,othcyc
OITHDAV,OITHDAV,NA,OITHDAV,NA,OITHDAV,NA,Oithona davisae,Oithona davisae,Oithona davisae,Oithona davisae adult,NA,NA,Adult,Paracyclops poppei,Species,Arthropoda,Copepoda,Cyclopoida,Cyclopidae,Paracyclops,poppei,NA,NA,NA,NA,NA,NA,NA,NA,othcyc
OITHSIM,OITHSIM,NA,OITHSIM,NA,OITHSIM,NA,Oithona similis,Oithona similis,Oithona similis,Oithona similis adult,NA,NA,Adult,Paracyclops,Genus,Arthropoda,Copepoda,Cyclopoida,Cyclopidae,Paracyclops,NA,NA,NA,NA,NA,NA,NA,NA,NA,othcyc
OITHSPP,OITHSPP,NA,OITHSPP,NA,OITHSPP,NA,Oithona spp_,Oithona spp.,Oithona spp.,Oithona sp. adult,NA,NA,Adult,Tropocyclops prasinus,Species,Arthropoda,Copepoda,Cyclopoida,Cyclopidae,Tropocyclops,prasinus,NA,NA,NA,NA,NA,NA,NA,NA,othcyc
OITHJUV,OITHJUV,NA,OITHJUV,NA,OITHJUV,NA,Oithona juvenile,NA,NA,Oithona sp. copepodid,NA,NA,Adult,Tropocyclops,Genus,Arthropoda,Copepoda,Cyclopoida,Cyclopidae,Tropocyclops,NA,NA,NA,NA,NA,NA,NA,NA,NA,othcyc
NA,NA,NA,NA,NA,NA,NA,NA,NA,NA,Paracyclops chiltoni adult,NA,NA,Adult,Cyclopoida,Order,Arthropoda,Copepoda,Cyclopoida,NA,NA,NA,NA,1/1/1975,NA,NA,NA,NA,NA,NA,othcyc
NA,NA,NA,NA,NA,NA,NA,NA,NA,NA,Paracyclops fimbriatus adult,NA,NA,Adult,Halicyclops,Genus,Arthropoda,Copepoda,Cyclopoida,Cyclopidae,Halicyclops,NA,NA,NA,NA,NA,NA,NA,NA,NA,othcyc
NA,NA,NA,NA,NA,NA,NA,NA,NA,NA,Paracyclops poppei adult,NA,NA,Adult,Homocyclops,Genus,Arthropoda,Copepoda,Cyclopoida,Cyclopidae,Homocyclops,NA,NA,NA,NA,NA,NA,NA,NA,NA,othcyc
NA,NA,NA,NA,NA,NA,NA,NA,Paracyclops,Paracyclops,Paracyclops sp. adult,NA,NA,Adult,Mesocyclops,Genus,Arthropoda,Copepoda,Cyclopoida,Cyclopidae,Mesocyclops,NA,NA,NA,NA,NA,NA,NA,NA,NA,othcyc
NA,NA,NA,NA,NA,NA,NA,NA,NA,NA,Tropocyclops prasinus adult,NA,NA,Juvenile,Acanthocyclops vernalis,Species,Arthropoda,Copepoda,Cyclopoida,Cyclopidae,Acanthocyclops,Acanthocyclops vernalis,NA,NA,NA,NA,NA,NA,NA,NA,othcyc
NA,NA,NA,NA,NA,NA,NA,NA,NA,NA,Tropocyclops sp. adult,NA,NA,Juvenile,Cyclopoida,Order,Arthropoda,Copepoda,Cyclopoida,NA,NA,NA,NA,1/1/1972,1/1/1995,NA,NA,1/1/1995,NA,NA,othcyc
OTHCYCADPUMP,NA,NA,NA,NA,NA,NA,NA,Cyclopoid,Cyclopoid,NA,NA,NA,Juvenile,Platycyclops phaleratus,Species,Arthropoda,Copepoda,Cyclopoida,Cyclopidae,Platycyclops,phaleratus,NA,NA,NA,NA,NA,NA,NA,NA,othcyc
OTHCYCJUV,OTHCYCJUV,NA,OTHCYCJUV,NA,OTHCYCJUV,NA,NA,NA,NA,NA,NA,NA,Juvenile,Ergasilus,Genus,Arthropoda,Copepoda,Cyclopoida,Cyclopidae,Ergasilus,NA,NA,NA,NA,NA,NA,NA,NA,NA,othcyc
NA,NA,NA,NA,NA,NA,NA,NA,Halicyclops,Halicyclops,NA,NA,NA,Juvenile,Limnoithona,Genus,Arthropoda,Copepoda,Cyclopoida,Cyclopettidae,Limnoithona,NA,1/1/1979,1/1/1995,NA,1/1/1995,NA,1/1/2006,NA,NA,othcyc
NA,NA,NA,NA,NA,NA,NA,NA,Homocyclops,Homocyclops,NA,NA,NA,Juvenile,Oithona,Genus,Arthropoda,Copepoda,Cyclopoida,Oithonidae,Oithona,NA,NA,1/1/1995,NA,1/1/1995,NA,1/1/2006,NA,NA,othcyc
NA,NA,NA,NA,NA,NA,NA,NA,Mesocyclops,Mesocyclops,NA,NA,NA,Juvenile,Cyclopoida,Order,Arthropoda,Copepoda,Cyclopoida,NA,NA,NA,NA,1/1/1995,NA,1/1/1995,NA,NA,NA,NA,othcyc
NA,NA,NA,NA,NA,NA,NA,NA,NA,NA,NA,Cyclopodia,Cyclopodia,Undifferentiated,Cyclopoida,Order,Arthropoda,Copepoda,Cyclopoida,NA,NA,NA,NA,NA,NA,NA,NA,NA,NA,NA,othcyc
NA,NA,NA,NA,NA,NA,NA,NA,NA,NA,NA,Limnoithona sinensis,Limnoithona sinensis,Undifferentiated,Limnoithona sinensis,Species,Arthropoda,Copepoda,Cyclopoida,Cyclopettidae,Limnoithona,Limnoithona sinensis,1/1/1979,NA,NA,NA,NA,NA,NA,NA,othcyc
HARPACT,HARPACT,NA,HARPACT,NA,HARPACT,NA,Harpacticoids,Harpacticoids,Harpacticoids,Harpacticoida undifferentiated,NA,NA,Undifferentiated,Harpacticoida,Order,Arthropoda,Copepoda,Harpacticoida,NA,NA,NA,NA,1/1/1972,NA,1/1/1972,NA,1/1/1995,NA,NA,othcyc
COPNAUP,COPNAUP,NA,NA,NA,NA,NA,copepod nauplii,NA,NA,Copepoda nauplius,NA,NA,Adult,Copepoda,Class,Arthropoda,Copepoda,NA,NA,NA,NA,NA,NA,NA,NA,NA,NA,NA,NA,othcalad
OTHCOPNAUP,OTHCOPNAUP,NA,OTHCOPNAUP,NA,OTHCOPNAUP,NA,NA,Copepod Nauplii,Copepod Nauplii,NA,NA,NA,Adult,Copepoda,Class,Arthropoda,Copepoda,NA,NA,NA,NA,NA,NA,NA,NA,NA,NA,NA,NA,othcalad
NA,NA,NA,NA,NA,NA,NA,NA,Copepod UNID,Copepod UNID,NA,NA,NA,Larva,Copepoda,Subclass,Arthropoda,Copepoda,NA,NA,NA,NA,NA,1/1/1972,1/1/1989,NA,NA,1/1/1995,NA,NA,othcaljuv
NA,NA,NA,NA,NA,NA,NA,NA,Parasitic Copepod,Parasitic Copepod,NA,NA,NA,Larva,Copepoda,Subclass,Arthropoda,Copepoda,NA,NA,NA,NA,NA,1/1/1989,NA,1/1/1989,NA,NA,NA,NA,othcaljuv
NA,NA,NA,NA,NA,NA,NA,NA,NA,NA,NA,Copepoda,Copepoda,Undifferentiated,Copepoda,Class,Arthropoda,Copepoda,NA,NA,NA,NA,NA,NA,NA,NA,NA,NA,NA,NA,othcalad
NA,NA,NA,NA,NA,NA,NA,NA,Carabidae Larvae,Carabidae Larvae,NA,NA,NA,Adult,Chrysomelidae,Family,Arthropoda,Insecta,Coleoptera,Chrysomelidae,NA,NA,NA,NA,NA,NA,NA,NA,NA,NA,other
NA,NA,NA,NA,NA,NA,NA,NA,Chrysomelidae Adult,Chrysomelidae Adult,NA,NA,NA,Adult,Coccinellidae,Family,Arthropoda,Insecta,Coleoptera,Coccinellidae,NA,NA,NA,NA,NA,NA,NA,NA,NA,NA,other
NA,NA,NA,NA,NA,NA,NA,NA,Coccinellidae Adult,Coccinellidae Adult,NA,NA,NA,Adult,Coleoptera,Order,Arthropoda,Insecta,Coleoptera,NA,NA,NA,NA,NA,NA,NA,NA,NA,NA,NA,other
NA,NA,NA,NA,NA,NA,NA,NA,Coccinellidae Larvae,Coccinellidae Larvae,NA,NA,NA,Adult,Curculionidae,Family,Arthropoda,Insecta,Coleoptera,Curculionidae,NA,NA,NA,NA,NA,NA,NA,NA,NA,NA,other
NA,NA,NA,NA,NA,NA,NA,NA,Coleoptera Larvae,Coleoptera Larvae,NA,NA,NA,Adult,Curculionidae,Family,Arthropoda,Insecta,Coleoptera,Curculionidae,NA,NA,NA,NA,NA,NA,NA,NA,NA,NA,other
NA,NA,NA,NA,NA,NA,NA,NA,Coleoptera Other,Coleoptera Other,NA,NA,NA,Adult,Dytiscidae,Family,Arthropoda,Insecta,Coleoptera,Dytiscidae,NA,NA,NA,NA,NA,NA,NA,NA,NA,NA,other
NA,NA,NA,NA,NA,NA,NA,NA,Curculionidae,Curculionidae,NA,NA,NA,Adult,Elmidae,Family,Arthropoda,Insecta,Coleoptera,Elmidae,NA,NA,NA,NA,NA,NA,NA,NA,NA,NA,other
NA,NA,NA,NA,NA,NA,NA,NA,Curculionidae Larvae,Curculionidae Larvae,NA,NA,NA,Adult,Hydraenidae,Family,Arthropoda,Insecta,Coleoptera,Hydraenidae,NA,NA,NA,NA,NA,NA,NA,NA,NA,NA,other
NA,NA,NA,NA,NA,NA,NA,NA,Curculionidae adult,Curculionidae adult,NA,NA,NA,Adult,Hydrophilidae,Family,Arthropoda,Insecta,Coleoptera,Hydrophilidae,NA,NA,NA,NA,NA,NA,NA,NA,NA,NA,other
NA,NA,NA,NA,NA,NA,NA,NA,Dytiscidae larvae,Dytiscidae larvae,NA,NA,NA,Adult,Hydroscaphidae,Family,Arthropoda,Insecta,Coleoptera,Hydroscaphidae,NA,NA,NA,NA,NA,NA,NA,NA,NA,NA,other
NA,NA,NA,NA,NA,NA,NA,NA,Dytiscidae adult,Dytiscidae adult,NA,NA,NA,Adult,Noteridae,Family,Arthropoda,Insecta,Coleoptera,Noteridae,NA,NA,NA,NA,NA,NA,NA,NA,NA,NA,other
NA,NA,NA,NA,NA,NA,NA,NA,Elmidae,Elmidae,NA,NA,NA,Adult,Ptiliidae,Family,Arthropoda,Insecta,Coleoptera,Ptiliidae,NA,NA,NA,NA,NA,NA,NA,NA,NA,NA,other
NA,NA,NA,NA,NA,NA,NA,NA,Elmidae larvae,Elmidae larvae,NA,NA,NA,Adult,Scirtidae,Family,Arthropoda,Insecta,Coleoptera,Scirtidae,NA,NA,NA,NA,NA,NA,NA,NA,NA,NA,other
NA,NA,NA,NA,NA,NA,NA,NA,Gyrinidae larvae,Gyrinidae larvae,NA,NA,NA,Adult,Scolytus,Genus,Arthropoda,Insecta,Coleoptera,Curculionidae,Scolytus,NA,NA,NA,NA,NA,NA,NA,NA,NA,other
NA,NA,NA,NA,NA,NA,NA,NA,Haliplidae Larvae,Haliplidae Larvae,NA,NA,NA,Adult,Staphylinidae,Family,Arthropoda,Insecta,Coleoptera,Staphylinidae,NA,NA,NA,NA,NA,NA,NA,NA,NA,NA,other
NA,NA,NA,NA,NA,NA,NA,NA,Hydraenidae,Hydraenidae,NA,NA,NA,Adult,Tenebrionidae,Family,Arthropoda,Insecta,Coleoptera,Tenebrionidae,NA,NA,NA,NA,NA,NA,NA,NA,NA,NA,other
NA,NA,NA,NA,NA,NA,NA,NA,Hydrophilidae Larvae Beetle,Hydrophilidae Larvae Beetle,NA,NA,NA,Larva,Carabidae,Family,Arthropoda,Insecta,Coleoptera,Carabidae,NA,NA,NA,NA,NA,NA,NA,NA,NA,NA,other
NA,NA,NA,NA,NA,NA,NA,NA,Hydrophilidae Adult Beetle,Hydrophilidae Adult Beetle,NA,NA,NA,Larva,Coccinellidae,Family,Arthropoda,Insecta,Coleoptera,Coccinellidae,NA,NA,NA,NA,NA,NA,NA,NA,NA,NA,other
NA,NA,NA,NA,NA,NA,NA,NA,Hydroscaphidae Adult,Hydroscaphidae Adult,NA,NA,NA,Larva,Coleoptera,Order,Arthropoda,Insecta,Coleoptera,NA,NA,NA,NA,NA,NA,NA,NA,NA,NA,NA,other
NA,NA,NA,NA,NA,NA,NA,NA,Noteridae,Noteridae,NA,NA,NA,Larva,Curculionidae,Family,Arthropoda,Insecta,Coleoptera,Curculionidae,NA,NA,NA,NA,NA,NA,NA,NA,NA,NA,other
NA,NA,NA,NA,NA,NA,NA,NA,Ptilidae,Ptilidae,NA,NA,NA,Larva,Dytiscidae,Family,Arthropoda,Insecta,Coleoptera,Dytiscidae,NA,NA,NA,NA,NA,NA,NA,NA,NA,NA,other
NA,NA,NA,NA,NA,NA,NA,NA,Scirtidae adult,Scirtidae adult,NA,NA,NA,Larva,Elmidae,Family,Arthropoda,Insecta,Coleoptera,Elmidae,NA,NA,NA,NA,NA,NA,NA,NA,NA,NA,other
NA,NA,NA,NA,NA,NA,NA,NA,Scolytinae Adult,Scolytinae Adult,NA,NA,NA,Larva,Gyrinidae,Family,Arthropoda,Insecta,Coleoptera,Gyrinidae,NA,NA,NA,NA,NA,NA,NA,NA,NA,NA,other
NA,NA,NA,NA,NA,NA,NA,NA,Staphylinidae adult,Staphylinidae adult,NA,NA,NA,Larva,Haliplidae,Family,Arthropoda,Insecta,Coleoptera,Haliplidae,NA,NA,NA,NA,NA,NA,NA,NA,NA,NA,other
NA,NA,NA,NA,NA,NA,NA,NA,Tenebrionidae adult,Tenebrionidae adult,NA,NA,NA,Larva,Hydrophilidae,Family,Arthropoda,Insecta,Coleoptera,Hydrophilidae,NA,NA,NA,NA,NA,NA,NA,NA,NA,NA,other
NA,NA,NA,NA,NA,NA,NA,NA,Earwig,Earwig,NA,NA,NA,Adult,Dermaptera,Order,Arthropoda,Insecta,Dermaptera,NA,NA,NA,NA,NA,NA,NA,NA,NA,NA,NA,other
NA,NA,NA,NA,NA,NA,NA,Chironomid larvae,Chironomid Larvae,Chironomid Larvae,Chironomidae larva,NA,NA,Adult,Diptera,Order,Arthropoda,Insecta,Diptera,NA,NA,NA,NA,NA,NA,NA,NA,NA,NA,NA,other
NA,NA,NA,NA,NA,NA,NA,NA,Ceratopogonidae larvae,Ceratopogonidae larvae,NA,NA,NA,Larva,Chironomidae,Family,Arthropoda,Insecta,Diptera,Chironomidae,NA,NA,NA,NA,NA,NA,NA,1/1/1995,1/1/2007,NA,other
NA,NA,NA,NA,NA,NA,NA,NA,Culicidae Larvae,Culicidae Larvae,NA,NA,NA,Larva,Ceratopogonidae,Family,Arthropoda,Insecta,Diptera,Ceratopogonidae,NA,NA,NA,NA,NA,NA,NA,NA,NA,NA,other
NA,NA,NA,NA,NA,NA,NA,NA,Diptera Adult,Diptera Adult,NA,NA,NA,Larva,Culicidae,Family,Arthropoda,Insecta,Diptera,Culicidae,NA,NA,NA,NA,NA,NA,NA,NA,NA,NA,other
NA,NA,NA,NA,NA,NA,NA,NA,Diptera Larvae UNID,Diptera Larvae UNID,NA,NA,NA,Larva,Diptera,Order,Arthropoda,Insecta,Diptera,NA,NA,NA,NA,NA,NA,NA,NA,NA,NA,NA,other
NA,NA,NA,NA,NA,NA,NA,NA,Diptera Pupae,Diptera Pupae,NA,NA,NA,Larva,Diptera,Order,Arthropoda,Insecta,Diptera,NA,NA,NA,NA,NA,NA,NA,NA,NA,NA,NA,other
NA,NA,NA,NA,NA,NA,NA,NA,Diptera pupae,Diptera pupae,NA,NA,NA,Larva,Diptera,Order,Arthropoda,Insecta,Diptera,NA,NA,NA,NA,NA,NA,NA,NA,NA,NA,NA,other
NA,NA,NA,NA,NA,NA,NA,NA,Brachycera Larvae,Brachycera Larvae,NA,NA,NA,Larva,Dolichopodidae,Family,Arthropoda,Insecta,Diptera,Dolichopodidae,NA,NA,NA,NA,NA,NA,NA,NA,NA,NA,other
NA,NA,NA,NA,NA,NA,NA,NA,Diptera Larvae Other,Diptera Larvae Other,NA,NA,NA,Larva,Ephydridae,Family,Arthropoda,Insecta,Diptera,Ephydridae,NA,NA,NA,NA,NA,NA,NA,NA,NA,NA,other
NA,NA,NA,NA,NA,NA,NA,NA,Brachycera Pupae,Brachycera Pupae,NA,NA,NA,Larva,Muscidae,Family,Arthropoda,Insecta,Diptera,Muscidae,NA,NA,NA,NA,NA,NA,NA,NA,NA,NA,other
NA,NA,NA,NA,NA,NA,NA,NA,Nematocera pupae,Nematocera pupae,NA,NA,NA,Larva,Psychodidae,Family,Arthropoda,Insecta,Diptera,Psychodidae,NA,NA,NA,NA,NA,NA,NA,NA,NA,NA,other
NA,NA,NA,NA,NA,NA,NA,NA,Dolichopodidae larvae,Dolichopodidae larvae,NA,NA,NA,Larva,Sciomyzidae,Family,Arthropoda,Insecta,Diptera,Sciomyzidae,NA,NA,NA,NA,NA,NA,NA,NA,NA,NA,other
NA,NA,NA,NA,NA,NA,NA,NA,Ephydridae Larvae,Ephydridae Larvae,NA,NA,NA,Larva,Simuliidae,Family,Arthropoda,Insecta,Diptera,Simuliidae,NA,NA,NA,NA,NA,NA,NA,NA,NA,NA,other
NA,NA,NA,NA,NA,NA,NA,NA,Muscidae larvae,Muscidae larvae,NA,NA,NA,Larva,Stratiomyidae,Family,Arthropoda,Insecta,Diptera,Stratiomyidae,NA,NA,NA,NA,NA,NA,NA,NA,NA,NA,other
NA,NA,NA,NA,NA,NA,NA,NA,Psychodidae larvae,Psychodidae larvae,NA,NA,NA,Larva,Tabanidae,Family,Arthropoda,Insecta,Diptera,Tabanidae,NA,NA,NA,NA,NA,NA,NA,NA,NA,NA,other
NA,NA,NA,NA,NA,NA,NA,NA,Sciomyzidae Larvae,Sciomyzidae Larvae,NA,NA,NA,Larva,Tipulidae,Family,Arthropoda,Insecta,Diptera,Tipulidae,NA,NA,NA,NA,NA,NA,NA,NA,NA,NA,other
NA,NA,NA,NA,NA,NA,NA,NA,Simuliidae larvae,Simuliidae larvae,NA,NA,NA,Pupa,Diptera,Order,Arthropoda,Insecta,Diptera,NA,NA,NA,NA,NA,NA,NA,NA,NA,NA,NA,other
NA,NA,NA,NA,NA,NA,NA,NA,Stratiomyidae larvae,Stratiomyidae larvae,NA,NA,NA,Pupa,Diptera,Order,Arthropoda,Insecta,Diptera,NA,NA,NA,NA,NA,NA,NA,NA,NA,NA,NA,other
NA,NA,NA,NA,NA,NA,NA,NA,Tabanidae,Tabanidae,NA,NA,NA,Pupa,Diptera,Order,Arthropoda,Insecta,Diptera,NA,NA,NA,NA,NA,NA,NA,NA,NA,NA,NA,other
NA,NA,NA,NA,NA,NA,NA,NA,Tipulidae larvae,Tipulidae larvae,NA,NA,NA,Pupa,Diptera,Order,Arthropoda,Insecta,Diptera,NA,NA,NA,NA,NA,NA,NA,NA,NA,NA,NA,other
NA,NA,NA,NA,NA,NA,NA,NA,Baetidae,Baetidae,NA,NA,NA,Adult,Ephemeroptera,Order,Arthropoda,Insecta,Ephemeroptera,NA,NA,NA,NA,NA,NA,NA,NA,NA,NA,NA,other
NA,NA,NA,NA,NA,NA,NA,NA,Caenidae,Caenidae,NA,NA,NA,Larva,Baetidae,Family,Arthropoda,Insecta,Ephemeroptera,Baetidae,NA,NA,NA,NA,NA,NA,NA,NA,NA,NA,other
NA,NA,NA,NA,NA,NA,NA,NA,Ephemeroptera larvae UNID,Ephemeroptera larvae UNID,NA,NA,NA,Larva,Caenidae,Family,Arthropoda,Insecta,Ephemeroptera,Caenidae,NA,NA,NA,NA,NA,NA,NA,NA,NA,NA,other
NA,NA,NA,NA,NA,NA,NA,NA,Ephemeroptera larvae Other,Ephemeroptera larvae Other,NA,NA,NA,Larva,Ephemeroptera,Order,Arthropoda,Insecta,Ephemeroptera,NA,NA,NA,NA,NA,NA,NA,NA,NA,NA,NA,other
NA,NA,NA,NA,NA,NA,NA,NA,Ephemeroptera Adult,Ephemeroptera Adult,NA,NA,NA,Larva,Ephemeroptera,Order,Arthropoda,Insecta,Ephemeroptera,NA,NA,NA,NA,NA,NA,NA,NA,NA,NA,NA,other
NA,NA,NA,NA,NA,NA,NA,NA,Tricorythidae larvae,Tricorythidae larvae,NA,NA,NA,Larva,Tricorythidae,Family,Arthropoda,Insecta,Ephemeroptera,Tricorythidae,NA,NA,NA,NA,NA,NA,NA,NA,NA,NA,other
NA,NA,NA,NA,NA,NA,NA,NA,Leptohyphidae mayfly larvae,Leptohyphidae mayfly larvae,NA,NA,NA,Larva,Tricorythodes minutus,Species,Arthropoda,Insecta,Ephemeroptera,Leptohyphidae,Tricorythodes,minutus,NA,NA,NA,NA,NA,NA,NA,NA,other
NA,NA,NA,NA,NA,NA,NA,NA,Aphididae Larvae,Aphididae Larvae,NA,NA,NA,Adult,Aphididae,Family,Arthropoda,Insecta,Hemiptera,Aphididae,NA,NA,NA,NA,NA,NA,NA,NA,NA,NA,other
NA,NA,NA,NA,NA,NA,NA,NA,Aphididae Adult,Aphididae Adult,NA,NA,NA,Adult,Belostomatidae,Family,Arthropoda,Insecta,Hemiptera,Belostomatidae,NA,NA,NA,NA,NA,NA,NA,NA,NA,NA,other
NA,NA,NA,NA,NA,NA,NA,NA,Belostomatidae,Belostomatidae,NA,NA,NA,Adult,Cicadellidae,Family,Arthropoda,Insecta,Hemiptera,Cicadellidae,NA,NA,NA,NA,NA,NA,NA,NA,NA,NA,other
NA,NA,NA,NA,NA,NA,NA,NA,Leafhopper,Leafhopper,NA,NA,NA,Adult,Corixidae,Family,Arthropoda,Insecta,Hemiptera,Corixidae,NA,NA,NA,NA,NA,NA,NA,NA,NA,NA,other
NA,NA,NA,NA,NA,NA,NA,NA,juvenile leafhopper,juvenile leafhopper,NA,NA,NA,Adult,Gerridae,Family,Arthropoda,Insecta,Hemiptera,Gerridae,NA,NA,NA,NA,NA,NA,NA,NA,NA,NA,other
NA,NA,NA,NA,NA,NA,NA,NA,Corixidae,Corixidae,NA,NA,NA,Adult,Hebridae,Family,Arthropoda,Insecta,Hemiptera,Hebridae,NA,NA,NA,NA,NA,NA,NA,NA,NA,NA,other
NA,NA,NA,NA,NA,NA,NA,NA,Gerridae,Gerridae,NA,NA,NA,Adult,Hemiptera,Order,Arthropoda,Insecta,Hemiptera,NA,NA,NA,NA,NA,NA,NA,NA,NA,NA,NA,other
NA,NA,NA,NA,NA,NA,NA,NA,Hebridae,Hebridae,NA,NA,NA,Adult,Hemiptera,Order,Arthropoda,Insecta,Hemiptera,NA,NA,NA,NA,NA,NA,NA,NA,NA,NA,NA,other
NA,NA,NA,NA,NA,NA,NA,NA,Hemiptera Other,Hemiptera Other,NA,NA,NA,Adult,Hemiptera,Order,Arthropoda,Insecta,Hemiptera,NA,NA,NA,NA,NA,NA,NA,NA,NA,NA,NA,other
NA,NA,NA,NA,NA,NA,NA,NA,Homoptera,Homoptera,NA,NA,NA,Adult,Hydrometridae,Family,Arthropoda,Insecta,Hemiptera,Hydrometridae,NA,NA,NA,NA,NA,NA,NA,NA,NA,NA,other
NA,NA,NA,NA,NA,NA,NA,NA,Hymenoptera Other,Hymenoptera Other,NA,NA,NA,Adult,Mesoveliidae,Family,Arthropoda,Insecta,Hemiptera,Mesoveliidae,NA,NA,NA,NA,NA,NA,NA,NA,NA,NA,other
NA,NA,NA,NA,NA,NA,NA,NA,Hydrometridae,Hydrometridae,NA,NA,NA,Adult,Nepidae,Family,Arthropoda,Insecta,Hemiptera,Nepidae,NA,NA,NA,NA,NA,NA,NA,NA,NA,NA,other
NA,NA,NA,NA,NA,NA,NA,NA,Mesoveliidae,Mesoveliidae,NA,NA,NA,Adult,Psyllidae,Family,Arthropoda,Insecta,Hemiptera,Psyllidae,NA,NA,NA,NA,NA,NA,NA,NA,NA,NA,other
NA,NA,NA,NA,NA,NA,NA,NA,Nepidae,Nepidae,NA,NA,NA,Adult,Veliidae,Family,Arthropoda,Insecta,Hemiptera,Veliidae,NA,NA,NA,NA,NA,NA,NA,NA,NA,NA,other
NA,NA,NA,NA,NA,NA,NA,NA,Psyllidae,Psyllidae,NA,NA,NA,Juvenile,Cicadellidae,Family,Arthropoda,Insecta,Hemiptera,Cicadellidae,NA,NA,NA,NA,NA,NA,NA,NA,NA,NA,other
NA,NA,NA,NA,NA,NA,NA,NA,Psyllidae Larvae,Psyllidae Larvae,NA,NA,NA,Larva,Aphididae,Family,Arthropoda,Insecta,Hemiptera,Aphididae,NA,NA,NA,NA,NA,NA,NA,NA,NA,NA,other
NA,NA,NA,NA,NA,NA,NA,NA,Vellidae,Vellidae,NA,NA,NA,Larva,Psyllidae,Family,Arthropoda,Insecta,Hemiptera,Psyllidae,NA,NA,NA,NA,NA,NA,NA,NA,NA,NA,other
NA,NA,NA,NA,NA,NA,NA,NA,Ant,Ant,NA,NA,NA,Adult,Formicidae,Family,Arthropoda,Insecta,Hymenoptera,Formicidae,NA,NA,NA,NA,NA,NA,NA,NA,NA,NA,other
NA,NA,NA,NA,NA,NA,NA,NA,Hymenoptera UNID,Hymenoptera UNID,NA,NA,NA,Adult,Hymenoptera,Order,Arthropoda,Insecta,Hymenoptera,NA,NA,NA,NA,NA,NA,NA,NA,NA,NA,NA,other
NA,NA,NA,NA,NA,NA,NA,NA,Lepidoptera Larvae,Lepidoptera Larvae,NA,NA,NA,Adult,Lepidoptera,Order,Arthropoda,Insecta,Lepidoptera,NA,NA,NA,NA,NA,NA,NA,NA,NA,NA,NA,other
NA,NA,NA,NA,NA,NA,NA,NA,Lepidoptera adult,Lepidoptera adult,NA,NA,NA,Larva,Lepidoptera,Order,Arthropoda,Insecta,Lepidoptera,NA,NA,NA,NA,NA,NA,NA,NA,NA,NA,NA,other
NA,NA,NA,NA,NA,NA,NA,NA,Lepidoptera pupae,Lepidoptera pupae,NA,NA,NA,Pupa,Lepidoptera,Order,Arthropoda,Insecta,Lepidoptera,NA,NA,NA,NA,NA,NA,NA,NA,NA,NA,NA,other
NA,NA,NA,NA,NA,NA,NA,NA,Sisyridae Larvae,Sisyridae Larvae,NA,NA,NA,Larva,Insecta,Class,Arthropoda,Insecta,NA,NA,NA,NA,NA,NA,NA,NA,NA,1/1/1995,1/1/2000,NA,other
NA,NA,NA,NA,NA,NA,NA,NA,Aeshnidae larvae,Aeshnidae larvae,NA,NA,NA,Larva,Insecta,Class,Arthropoda,Insecta,NA,NA,NA,NA,NA,NA,NA,NA,NA,NA,NA,NA,other
NA,NA,NA,NA,NA,NA,NA,NA,Coenagrionidae larvae,Coenagrionidae larvae,NA,NA,NA,Undifferentiated,Insecta,Class,Arthropoda,Insecta,NA,NA,NA,NA,NA,NA,NA,NA,NA,NA,NA,NA,other
NA,NA,NA,NA,NA,NA,NA,NA,Gomphidae larvae,Gomphidae larvae,NA,NA,NA,Larva,Sisyridae,Family,Arthropoda,Insecta,Neuroptera,Sisyridae,NA,NA,NA,NA,NA,NA,NA,NA,NA,NA,other
NA,NA,NA,NA,NA,NA,NA,NA,Libellulidae,Libellulidae,NA,NA,NA,Adult,Odonata,Order,Arthropoda,Insecta,Odonata,NA,NA,NA,NA,NA,NA,NA,NA,NA,NA,NA,other
NA,NA,NA,NA,NA,NA,NA,NA,Zygoptera Adult,Zygoptera Adult,NA,NA,NA,Larva,Aeshnidae,Family,Arthropoda,Insecta,Odonata,Aeshnidae,NA,NA,NA,NA,NA,NA,NA,NA,NA,NA,other
NA,NA,NA,NA,NA,NA,NA,NA,Odonata larvae Other,Odonata larvae Other,NA,NA,NA,Larva,Coenagrionidae,Family,Arthropoda,Insecta,Odonata,Coenagrionidae,NA,NA,NA,NA,NA,NA,NA,NA,NA,NA,other
NA,NA,NA,NA,NA,NA,NA,NA,Orthoptera,Orthoptera,NA,NA,NA,Larva,Gomphidae,Family,Arthropoda,Insecta,Odonata,Gomphidae,NA,NA,NA,NA,NA,NA,NA,NA,NA,NA,other
NA,NA,NA,NA,NA,NA,NA,NA,Psocoptera Adult,Psocoptera Adult,NA,NA,NA,Larva,Libellulidae,Family,Arthropoda,Insecta,Odonata,Libellulidae,NA,NA,NA,NA,NA,NA,NA,NA,NA,NA,other
NA,NA,NA,NA,NA,NA,NA,NA,Psocoptera Larvae,Psocoptera Larvae,NA,NA,NA,Larva,Odonata,Order,Arthropoda,Insecta,Odonata,NA,NA,NA,NA,NA,NA,NA,NA,NA,NA,NA,other
NA,NA,NA,NA,NA,NA,NA,NA,Thrips,Thrips,NA,NA,NA,Adult,Orthoptera,Order,Arthropoda,Insecta,Orthoptera,NA,NA,NA,NA,NA,NA,NA,NA,NA,NA,NA,other
NA,NA,NA,NA,NA,NA,NA,NA,Hydroptilidae Larvae Caddisfly,Hydroptilidae Larvae Caddisfly,NA,NA,NA,Adult,Psocoptera,Order,Arthropoda,Insecta,Psocoptera,NA,NA,NA,NA,NA,NA,NA,NA,NA,NA,NA,other
NA,NA,NA,NA,NA,NA,NA,NA,Hydroptilidae Adult Caddisfly,Hydroptilidae Adult Caddisfly,NA,NA,NA,Larva,Psocoptera,Order,Arthropoda,Insecta,Psocoptera,NA,NA,NA,NA,NA,NA,NA,NA,NA,NA,NA,other
NA,NA,NA,NA,NA,NA,NA,NA,Hydroptilidae Pupae Caddisfly,Hydroptilidae Pupae Caddisfly,NA,NA,NA,Adult,Thysanoptera,Order,Arthropoda,Insecta,Thysanoptera,NA,NA,NA,NA,NA,NA,NA,NA,NA,NA,NA,other
NA,NA,NA,NA,NA,NA,NA,NA,Polycentripodidae larvae,Polycentripodidae larvae,NA,NA,NA,Adult,Hydroptilidae,Family,Arthropoda,Insecta,Trichoptera,Hydroptilidae,NA,NA,NA,NA,NA,NA,NA,NA,NA,NA,other
NA,NA,NA,NA,NA,NA,NA,NA,Tricoptera larvae UNID,Tricoptera larvae UNID,NA,NA,NA,Adult,Trichoptera,Order,Arthropoda,Insecta,Trichoptera,NA,NA,NA,NA,NA,NA,NA,NA,NA,NA,NA,other
NA,NA,NA,NA,NA,NA,NA,NA,Tricoptera larvae Other,Tricoptera larvae Other,NA,NA,NA,Larva,Hydroptilidae,Family,Arthropoda,Insecta,Trichoptera,Hydroptilidae,NA,NA,NA,NA,NA,NA,NA,NA,NA,NA,other
NA,NA,NA,NA,NA,NA,NA,NA,Trichoptera Adult,Trichoptera Adult,NA,NA,NA,Larva,Polycentropodidae,Family,Arthropoda,Insecta,Trichoptera,Polycentropodidae,NA,NA,NA,NA,NA,NA,NA,NA,NA,NA,other
NA,NA,NA,NA,NA,NA,NA,Other Insect larvae,Insect larvae UNID,Insect larvae UNID,Insecta larva,NA,NA,Larva,Trichoptera,Order,Arthropoda,Insecta,Trichoptera,NA,NA,NA,NA,NA,NA,NA,NA,NA,NA,NA,other
NA,NA,NA,NA,NA,NA,NA,NA,Insect Unid,Insect Unid,NA,NA,NA,Larva,Trichoptera,Order,Arthropoda,Insecta,Trichoptera,NA,NA,NA,NA,NA,NA,NA,NA,NA,NA,NA,other
NA,NA,NA,NA,NA,NA,NA,NA,Insect larvae Other,Insect larvae Other,NA,NA,NA,Pupa,Hydroptilidae,Family,Arthropoda,Insecta,Trichoptera,Hydroptilidae,NA,NA,NA,NA,NA,NA,NA,NA,NA,NA,other
NA,NA,NA,NA,NA,NA,NA,NA,NA,NA,Americophium sp. undifferentiated,NA,NA,Adult,Americorophium spinicorne,Species,Arthropoda,Malacostraca,Amphipoda,Corophiidae,Americorophium,spinicorne,NA,1/1/2014,NA,1/1/2013,NA,NA,NA,NA,other
NA,NA,NA,NA,NA,NA,NA,NA,NA,NA,Corophium sp. undifferentiated,NA,NA,Adult,Americorophium stimpsoni,Species,Arthropoda,Malacostraca,Amphipoda,Corophiidae,Americorophium,stimpsoni,NA,1/1/2014,NA,1/1/2013,NA,NA,NA,NA,other
NA,NA,NA,NA,NA,NA,NA,NA,NA,NA,Gammarus sp. undifferentiated,NA,NA,Adult,Ampelisca abdita,Species,Arthropoda,Malacostraca,Amphipoda,Ampeliscidae,Ampelisca,abdita,1/1/1954,1/1/2014,NA,1/1/2013,NA,NA,NA,NA,other
NA,NA,A_spinicorne,NA,Americorophium spinicorne,NA,Americorophium_spinicorne,NA,Americorophium spinicorne,Americorophium spinicorne,NA,NA,NA,Adult,Amphipoda,Order,Arthropoda,Malacostraca,Amphipoda,NA,NA,NA,NA,1/1/1996,NA,1/1/2013,NA,NA,NA,NA,other
NA,NA,A_stimpsoni,NA,Americorophium stimpsoni,NA,Americorophium_stimpsoni,NA,Americorophium stimpsoni,Americorophium stimpsoni,NA,NA,NA,Adult,Ampithoe,Genus,Arthropoda,Malacostraca,Amphipoda,Ampithoidae,Ampithoe,NA,1/1/1941,1/1/2014,NA,NA,NA,NA,NA,NA,other
NA,NA,A_abdita,NA,Ampelisca abdita,NA,Ampelisca_abdita,NA,NA,NA,NA,NA,NA,Adult,Caprellidae,Family,Arthropoda,Malacostraca,Amphipoda,Caprellidae,NA,NA,NA,1/1/2014,NA,NA,NA,NA,NA,NA,other
NA,NA,Unidentified_Amphipod,NA,Unidentified Amphipod,NA,Unidentified_Amphipod,NA,Amphipod UNID,Amphipod UNID,NA,NA,NA,Adult,Corophiidae,Family,Arthropoda,Malacostraca,Amphipoda,Corophiidae,NA,NA,NA,1/1/2014,NA,1/1/2013,NA,NA,NA,NA,other
NA,NA,NA,NA,NA,NA,NA,NA,Amphipod juvenile,Amphipod juvenile,NA,NA,NA,Adult,Crangonyx,Genus,Arthropoda,Malacostraca,Amphipoda,Crangonycitidae,Crangonyx,NA,1/1/1995,1/1/2014,NA,1/1/2013,NA,NA,NA,NA,other
NA,NA,NA,NA,NA,NA,NA,NA,Juvenile Amphipod,Juvenile Amphipod,NA,NA,NA,Adult,Eogammarus,Genus,Arthropoda,Malacostraca,Amphipoda,Anisogammaridae,Eogammarus,NA,NA,NA,NA,NA,NA,NA,NA,NA,other
NA,NA,Ampithoe_sp,NA,NA,NA,NA,NA,Ampithoe,Ampithoe,NA,NA,NA,Adult,Gammarus,Genus,Arthropoda,Malacostraca,Amphipoda,Gammaridae,Gammarus,NA,1/1/1986,1/1/2014,NA,1/1/2013,NA,NA,NA,NA,other
NA,NA,Caprelidae_sp,NA,NA,NA,NA,NA,NA,NA,NA,NA,NA,Adult,Gammarus daiberi,Species,Arthropoda,Malacostraca,Amphipoda,Gammaridae,Gammarus,daiberi,1/1/1983,1/1/2014,NA,1/1/2013,NA,NA,NA,NA,other
NA,NA,NA,NA,NA,NA,NA,NA,Corophiid Juvenile,Corophiid Juvenile,NA,NA,NA,Adult,Grandidierella,Genus,Arthropoda,Malacostraca,Amphipoda,Aoridae,Grandidierella,NA,1/1/1966,NA,NA,NA,NA,NA,NA,NA,other
NA,NA,Unidentified_Corophium,NA,Unidentified Corophium,NA,Unidentified_Corophium,NA,Corophiid UNID,Corophiid UNID,NA,NA,NA,Adult,Grandidierella japonica,Species,Arthropoda,Malacostraca,Amphipoda,Aoridae,Grandidierella,japonica,NA,1/1/2017,NA,1/1/2019,NA,NA,NA,NA,other
NA,NA,Crangonyx_sp,NA,Crangonyx sp_,NA,Crangonyx_sp,NA,Crangonyx,Crangonyx,NA,NA,NA,Adult,Hyalella,Genus,Arthropoda,Malacostraca,Amphipoda,Hyalellidae,Hyalella,NA,NA,1/1/2014,NA,1/1/2013,NA,NA,NA,NA,other
NA,NA,NA,NA,NA,NA,NA,NA,Eogammarus,Eogammarus,NA,NA,NA,Adult,Monocorophium,Genus,Arthropoda,Malacostraca,Amphipoda,Corophiidae,Monocorophium,NA,NA,1/1/2014,NA,NA,NA,NA,NA,NA,other
NA,NA,NA,NA,NA,NA,NA,NA,Gammarid juvenile,Gammarid juvenile,NA,NA,NA,Adult,Oedicerotidae,Family,Arthropoda,Malacostraca,Amphipoda,Oedicerotidae,NA,NA,NA,1/1/2014,NA,NA,NA,NA,NA,NA,other
NA,NA,Unidentified_Gammarus,NA,Unidentified Gammarus,NA,Unidentified_Gammarus,Gammarus,Gammarus,Gammarus,NA,NA,NA,Adult,Pleustidae,Family,Arthropoda,Malacostraca,Amphipoda,Pleustidae,NA,NA,NA,1/1/2014,NA,NA,NA,NA,NA,NA,other
NA,NA,G_daiberi,NA,Gammarus daiberi,NA,Gammarus_daiberi,NA,NA,NA,NA,NA,NA,Adult,Melita,Genus,Arthropoda,Malacostraca,Amphipoda,Hadzioidea,Melita,NA,1/1/1938,NA,NA,NA,NA,NA,NA,NA,other
NA,NA,NA,NA,NA,NA,NA,NA,Grandidierella,Grandidierella,NA,NA,NA,Adult,Sinocorophium alienense,Species,Arthropoda,Malacostraca,Amphipoda,Corophiidae,Sinocorophium,alienense,1/1/1973,1/1/2014,NA,1/1/2013,NA,NA,NA,NA,other
NA,NA,G_japonica,NA,NA,NA,Grandidierella_japonica,NA,NA,NA,NA,NA,NA,Adult,Talitridae,Family,Arthropoda,malacostraca,Amphipoda,Talitridae,NA,NA,1/1/1962,NA,NA,NA,NA,NA,NA,NA,other
NA,NA,Hyalella_sp,NA,Hyalella sp_,NA,Hyalella_sp,NA,Hyalella,Hyalella,NA,NA,NA,Juvenile,Amphipoda,Order,Arthropoda,Malacostraca,Amphipoda,NA,NA,NA,NA,NA,NA,NA,NA,NA,NA,NA,other
NA,NA,Monocorophium_sp,NA,NA,NA,NA,NA,NA,NA,NA,NA,NA,Juvenile,Amphipoda,Order,Arthropoda,Malacostraca,Amphipoda,NA,NA,NA,NA,NA,NA,NA,NA,NA,NA,NA,other
NA,NA,Oedicerotidae_sp,NA,NA,NA,NA,NA,NA,NA,NA,NA,NA,Juvenile,Corophiidae,Family,Arthropoda,Malacostraca,Amphipoda,Corophiidae,NA,NA,NA,NA,NA,NA,NA,NA,NA,NA,other
NA,NA,Pleustidae,NA,NA,NA,NA,NA,NA,NA,NA,NA,NA,Juvenile,Gammaridae,Family,Arthropoda,Malacostraca,Amphipoda,Gammaridae,NA,NA,NA,NA,NA,NA,NA,NA,NA,NA,other
NA,NA,NA,NA,NA,NA,NA,NA,Melita,Melita,NA,NA,NA,Undifferentiated,Americophium,Genus,Arthropoda,Malacostraca,Amphipoda,Corophiidae,Americorophium,NA,NA,NA,NA,NA,NA,NA,NA,NA,other
NA,NA,C_alienense,NA,Corophium alienense,NA,Corophium_alienense,NA,Corophium alienense,Corophium alienense,NA,NA,NA,Undifferentiated,Corophium,Genus,Arthropoda,Malacostraca,Amphipoda,Corophiidae,NA,NA,NA,NA,NA,NA,NA,NA,NA,NA,other
NA,NA,NA,NA,NA,NA,NA,NA,Talitridae,Talitridae,NA,NA,NA,Undifferentiated,Gammarus,Genus,Arthropoda,Malacostraca,Amphipoda,Gammaridae,Gammarus,NA,NA,NA,NA,NA,NA,NA,NA,NA,other
NA,NA,NA,CUMAC,NA,CUMAC,NA,Cumaceans,Cumaceans,Cumaceans,Cumacea undifferentiated,NA,NA,Adult,Cumacea,Order,Arthropoda,Malacostraca,Cumacea,NA,NA,NA,NA,NA,NA,1/1/2001,NA,1/1/1995,1/1/2007,NA,other
NA,NA,NA,NA,NA,NA,NA,NA,NA,NA,Crustacea undifferentiated,NA,NA,Adult,Crangon,Genus,Arthropoda,Malacostraca,Decapoda,Crangonidae,Crangon,NA,NA,NA,NA,NA,NA,NA,NA,NA,other
NA,NA,NA,NA,NA,NA,NA,NA,Crangon,Crangon,NA,NA,NA,Adult,Decapoda,Order,Arthropoda,Malacostraca,Decapoda,NA,NA,NA,NA,NA,NA,NA,NA,NA,NA,NA,other
NA,CRABZOEA,NA,CRABZOEA,NA,CRABZOEA,NA,crab zoea,crab zoea,crab zoea,NA,NA,NA,Adult,Exopalaemon modestus,Species,Arthropoda,Malacostraca,Decapoda,Palaemonidae,Exopalaemon,modestus,NA,NA,NA,NA,NA,NA,NA,NA,other
NA,NA,NA,NA,NA,NA,NA,NA,Crab megalope,Crab megalope,NA,NA,NA,Adult,Pacifastacus,Genus,Arthropoda,Malacostraca,Decapoda,Astacidae,Pacifastacus,NA,NA,NA,NA,NA,NA,NA,NA,NA,other
NA,NA,NA,NA,NA,NA,NA,NA,Shrimp Other,Shrimp Other,NA,NA,NA,Adult,Palaemon,Genus,Arthropoda,Malacostraca,Decapoda,Palaemonidae,Palaemon,NA,NA,NA,NA,NA,NA,NA,NA,NA,other
NA,NA,NA,NA,NA,NA,NA,NA,Juvenile Shrimp,Juvenile Shrimp,NA,NA,NA,Adult,Palaemon,Genus,Arthropoda,Malacostraca,Decapoda,Palaemonidae,Palaemon,NA,NA,NA,NA,NA,NA,NA,NA,NA,other
NA,NA,NA,NA,NA,NA,NA,NA,Exopalaemon,Exopalaemon,NA,NA,NA,Adult,Palaemon,Genus,Arthropoda,Malacostraca,Decapoda,Palaemonidae,Palaemon,NA,NA,NA,NA,NA,NA,NA,NA,NA,other
NA,NA,NA,NA,NA,NA,NA,NA,Crayfish,Crayfish,NA,NA,NA,Adult,Rhithropanopeus harrisii,Species,Arthropoda,Malacostraca,Decapoda,Panopeidae,Rhithropanopeus,harrisii,NA,NA,NA,NA,NA,NA,NA,NA,other
NA,NA,NA,NA,NA,NA,NA,NA,Palaemonetes,Palaemonetes,NA,NA,NA,Juvenile,Decapoda,Order,Arthropoda,Malacostraca,Decapoda,NA,NA,NA,NA,NA,NA,NA,NA,NA,NA,NA,other
NA,NA,NA,NA,NA,NA,NA,NA,Mississippi Grass Shrimp,Mississippi Grass Shrimp,NA,NA,NA,Larva,Decapoda,Infraorder,Arthropoda,Malacostraca,Decapoda,NA,NA,NA,NA,1/1/1976,NA,1/1/1976,NA,1/1/1995,NA,NA,other
NA,NA,NA,NA,NA,NA,NA,NA,Palaemon,Palaemon,NA,NA,NA,Larva,Decapoda,Order,Arthropoda,Malacostraca,Decapoda,NA,NA,NA,NA,NA,NA,NA,NA,NA,NA,NA,other
NA,NA,NA,NA,NA,NA,NA,NA,Harris Mud Crab,Harris Mud Crab,NA,NA,NA,Undifferentiated,Decapoda,Order,Arthropoda,Malacostraca,Decapoda,NA,NA,NA,NA,NA,NA,NA,NA,NA,NA,NA,other
NA,NA,NA,NA,NA,NA,NA,NA,NA,NA,Isopoda undifferentiated,NA,NA,Adult,Asellidae,Family,Arthropoda,Malacostraca,Isopoda,Asellidae,NA,NA,NA,NA,NA,NA,NA,NA,NA,NA,other
NA,NA,NA,NA,NA,NA,NA,NA,Asellidae,Asellidae,NA,NA,NA,Adult,Caecidotea,Genus,Arthropoda,Malacostraca,Isopoda,Asellidae,Caecidotea,NA,NA,NA,NA,NA,NA,NA,NA,NA,other
NA,NA,NA,NA,NA,NA,NA,NA,Caecidotea,Caecidotea,NA,NA,NA,Adult,Gnorimosphaeroma insulare,Species,Arthropoda,Malacostraca,Isopoda,Sphaeromatidae,Gnorimosphaeroma,insulare,NA,NA,NA,NA,NA,NA,NA,NA,other
NA,NA,NA,NA,NA,NA,NA,NA,Gnorimosphaeroma,Gnorimosphaeroma,NA,NA,NA,Adult,Isopoda,Order,Arthropoda,Malacostraca,Isopoda,NA,NA,NA,NA,NA,NA,NA,NA,NA,NA,NA,other
NA,NA,NA,NA,NA,NA,NA,NA,Isopods,Isopods,NA,NA,NA,Adult,Isopoda,Order,Arthropoda,Malacostraca,Isopoda,NA,NA,NA,NA,NA,NA,NA,NA,NA,NA,NA,other
NA,NA,NA,NA,NA,NA,NA,NA,Isopod other,Isopod other,NA,NA,NA,Adult,Ligidium lates??,Species,Arthropoda,Malacostraca,Isopoda,Ligiidae,Ligidium,lates??,NA,NA,NA,NA,NA,NA,NA,NA,other
NA,NA,NA,NA,NA,NA,NA,NA,Juvenile Isopod,Juvenile Isopod,NA,NA,NA,Adult,Munnidae,Family,Arthropoda,Malacostraca,Isopoda,Munnidae,NA,NA,NA,NA,NA,NA,NA,NA,NA,NA,other
NA,NA,NA,NA,NA,NA,NA,NA,Ligidium,Ligidium,NA,NA,NA,Juvenile,Isopoda,Order,Arthropoda,Malacostraca,Isopoda,NA,NA,NA,NA,NA,NA,NA,NA,NA,NA,NA,other
NA,NA,NA,NA,NA,NA,NA,NA,Munnidae,Munnidae,NA,NA,NA,Undifferentiated,Isopoda,Order,Arthropoda,Malacostraca,Isopoda,NA,NA,NA,NA,NA,NA,NA,NA,NA,NA,NA,other
NA,NA,NA,NA,NA,NA,NA,NA,NA,NA,Mysidae undifferentiated,NA,NA,Adult,Alienacanthomysis macropsis,Species,Arthropoda,Malacostraca,Mysida,Mysidae,Alienacanthomysis,macropsis,NA,1/1/1994,NA,NA,NA,NA,NA,NA,other
NA,NA,A_macropsis,NA,Alienacanthomysis macropsis,NA,Alienacanthomysis_macropsis,NA,Acanthomysis macropsis,Acanthomysis macropsis,NA,NA,NA,Adult,Deltamysis holmquistae,Species,Arthropoda,Malacostraca,Mysida,Mysidae,Deltamysis,holmquistae,1/1/1977,1/1/1979,NA,NA,NA,NA,NA,NA,other
NA,NA,D_holmquistae,NA,Deltamysis holmquistae,NA,Deltamysis_holmquistae,NA,Deltamysis homquistae,Deltamysis homquistae,NA,NA,NA,Adult,Hyperacanthomysis longirostris,Species,Arthropoda,Malacostraca,Mysida,Mysidae,Hyperacanthomysis,longirostris,1/1/1993,NA,NA,NA,NA,NA,NA,NA,other
NA,NA,NA,NA,NA,NA,NA,NA,Acanthomysis bowmani,Acanthomysis bowmani,NA,NA,NA,Adult,Hyperacanthomysis longirostris,Species,Arthropoda,Malacostraca,Mysida,Mysidae,Hyperacanthomysis,longirostris,1/1/1993,1/1/1993,NA,NA,NA,NA,NA,NA,other
NA,NA,H_longirostris,NA,Hyperacanthomysis longirostris,NA,Hyperacanthomysis_longirostris,NA,Hyperacanthomysis longirostris,Hyperacanthomysis longirostris,NA,NA,NA,Adult,Mysida,Order,Arthropoda,Malacostraca,Mysida,NA,NA,NA,NA,NA,NA,NA,NA,NA,NA,NA,other
NA,NA,Unidentified_mysid,NA,Unidentified Mysid,NA,Unidentified_Mysid,NA,Mysid Other,Mysid Other,NA,NA,NA,Adult,Neomysis kadiakensis,Species,Arthropoda,Malacostraca,Mysida,Mysidae,Neomysis,kadiakensis,NA,1/1/1980,NA,NA,NA,NA,NA,NA,other
NA,NA,NA,NA,NA,NA,NA,NA,Juvenile Mysid,Juvenile Mysid,NA,NA,NA,Adult,Neomysis mercedis,Species,Arthropoda,Malacostraca,Mysida,Mysidae,Neomysis,mercedis,NA,1/1/1972,NA,NA,NA,NA,NA,NA,other
NA,NA,N_kadiakensis,NA,Neomysis kadiakensis,NA,Neomysis_kadiakensis,NA,Neomysis kadiakensis,Neomysis kadiakensis,NA,NA,NA,Adult,Orientomysis aspera,Species,Arthropoda,Malacostraca,Mysida,Mysidae,Orientomysis,Orientomysis aspera,1/1/1992,1/1/1992,NA,NA,NA,NA,NA,NA,other
NA,NA,N_mercedis,NA,Neomysis mercedis,NA,Neomysis_mercedis,NA,Neomysis mercedis,Neomysis mercedis,NA,NA,NA,Adult,Orientomysis hwanhaiensis,Species,Arthropoda,Malacostraca,Mysida,Mysidae,Orientomysis,hwanhaiensis,1/1/1997,1/1/1993,NA,NA,NA,NA,NA,NA,other
NA,NA,A_aspera,NA,Acanthomysis aspera,NA,Acanthomysis_aspera,Acanthomysis aspera,Acanthomysis aspera,Acanthomysis aspera,NA,NA,NA,Juvenile,Mysida,Order,Arthropoda,Malacostraca,Mysida,NA,NA,NA,NA,NA,NA,NA,NA,NA,NA,NA,other
NA,NA,A_hwanhaiensis,NA,Acanthomysis hwanhaiensis,NA,Acanthomysis_hwanhaiensis,NA,Acanthomysis hwanhaiensis,Acanthomysis hwanhaiensis,NA,NA,NA,Undifferentiated,Mysidae,Family,Arthropoda,Malacostraca,Mysida,Mysidae,NA,NA,NA,NA,NA,NA,NA,NA,NA,NA,other
NA,NA,NA,NA,NA,NA,NA,NA,Tanaid,Tanaid,NA,NA,NA,Undifferentiated,Malacostraca,Class,Arthropoda,Malacostraca,NA,NA,NA,NA,NA,NA,NA,NA,NA,NA,NA,NA,other
NA,NA,NA,NA,NA,NA,NA,NA,Malcostraca Other,Malcostraca Other,NA,NA,NA,Undifferentiated,Tanaidacea,Order,Arthropoda,Malacostraca,Tanaidacea,NA,NA,NA,NA,NA,NA,NA,NA,NA,NA,NA,other
NA,NA,NA,NA,NA,NA,NA,NA,NA,NA,Ostracoda undifferentiated,NA,NA,Larva,Arthropoda,Phylum,Arthropoda,NA,NA,NA,NA,NA,NA,NA,NA,NA,NA,NA,NA,NA,other
NA,NA,NA,OSTRACOD,NA,OSTRACOD,NA,Ostracods,Ostracods,Ostracods,NA,NA,NA,Adult,Ostracoda,Class,Arthropoda,Ostracoda,NA,NA,NA,NA,NA,NA,NA,1/1/2002,NA,1/1/1995,NA,NA,other
NA,NA,NA,NA,NA,NA,NA,NA,NA,NA,Arthropoda nauplius,NA,NA,Undifferentiated,Ostracoda,Class,Arthropoda,Ostracoda,NA,NA,NA,NA,NA,NA,NA,NA,NA,NA,NA,NA,other
NA,NA,NA,NA,NA,NA,NA,NA,Magnificent Bryozoan,Magnificent Bryozoan,NA,NA,NA,Adult,Pectinatella magnifica,Species,Bryozoa,Phylactolaemata,Plumatellida,Pectinatellidae,Pectinatella,magnifica,NA,NA,NA,NA,NA,NA,NA,NA,other
NA,NA,NA,NA,NA,NA,NA,NA,NA,NA,Actinopterygii larva,NA,NA,Adult,Actinopterygii,Class,Chordata,Actinopterygii,NA,NA,NA,NA,NA,NA,NA,NA,NA,NA,NA,NA,other
NA,NA,NA,NA,NA,NA,NA,NA,NA,NA,Actinopterygii undifferentiated,NA,NA,Larva,Actinopterygii,Class,Chordata,Actinopterygii,NA,NA,NA,NA,NA,NA,NA,NA,NA,NA,NA,NA,other
NA,NA,NA,NA,NA,NA,NA,NA,Fish,Fish,NA,NA,NA,Undifferentiated,Actinopterygii,Class,Chordata,Actinopterygii,NA,NA,NA,NA,NA,NA,NA,NA,NA,NA,NA,NA,other
NA,NA,NA,NA,NA,NA,NA,NA,NA,NA,NA,Teleosti,Teleosti,Egg,Chordata,Phylum,Chordata,NA,NA,NA,NA,NA,NA,NA,NA,NA,NA,NA,NA,NA,other
NA,NA,NA,NA,NA,NA,NA,NA,Fish Eggs,Fish Eggs,Actinopterygii eggs,NA,NA,Undifferentiated,Teleostei,Class,Chordata,Teleostei,NA,NA,NA,NA,NA,NA,NA,NA,NA,NA,NA,NA,other
NA,NA,NA,NA,NA,NA,NA,NA,Hydra,Hydra,NA,NA,NA,Adult,Hydra,Genus,Cnidaria,Hydrozoa,Hydrida,Hydridae,Hydra,NA,NA,NA,NA,NA,NA,NA,NA,NA,other
NA,NA,NA,NA,NA,NA,NA,NA,Aequorea spp.,Aequorea spp.,NA,NA,NA,Undifferentiated,Aequorea,Genus,Cnidaria,Hydrozoa,Leptothecata,Aequoreidae,Aequorea,NA,NA,NA,NA,NA,NA,NA,NA,NA,other
NA,NA,NA,NA,NA,NA,NA,NA,Maeotias,Maeotias,NA,NA,NA,Undifferentiated,Maeotias,Genus,Cnidaria,Hydrozoa,Limnomedusae,Olindiidae,Maeotias,NA,NA,NA,NA,NA,NA,NA,NA,NA,other
NA,NA,NA,NA,NA,NA,NA,NA,Moon Jellyfish,Moon Jellyfish,NA,NA,NA,Undifferentiated,Cnidaria,Phylum,Cnidaria,NA,NA,NA,NA,NA,NA,NA,NA,NA,NA,NA,NA,NA,other
NA,NA,NA,NA,NA,NA,NA,NA,Cnidaria Other,Cnidaria Other,NA,NA,NA,Undifferentiated,Cnidaria,Phylum,Cnidaria,NA,NA,NA,NA,NA,NA,NA,NA,NA,NA,NA,NA,NA,other
NA,NA,NA,NA,NA,NA,NA,NA,Jellyfish Unid,Jellyfish Unid,NA,NA,NA,Undifferentiated,Aurelia,Genus,Cnidaria,Scyphozoa,Semaeostomeae,Ulmaridae,Aurelia,NA,NA,NA,NA,NA,NA,NA,NA,NA,other
BARNNAUP,BARNNAUP,NA,BARNNAUP,NA,BARNNAUP,NA,barnacle nauplii,Barnacle Nauplii,Barnacle Nauplii,Cirripedia nauplius,NA,NA,Larva,Cirripedia,Infraclass,Euarthropoda,Cirripedia,NA,NA,NA,NA,NA,1/1/1972,NA,1/1/1972,NA,1/1/1995,NA,NA,other
NA,NA,NA,NA,NA,NA,NA,NA,Potamocorbula,Potamocorbula,NA,NA,NA,Adult,Potamocorbula amurensis,Species,Mollusca,Bivalvia,Myoida,Corbulidae,Potamocorbula,amurensis,NA,NA,NA,NA,NA,NA,NA,NA,other
NA,NA,NA,NA,NA,NA,NA,NA,Corbicula,Corbicula,NA,NA,NA,Adult,Bivalvia,Class,Mollusca,Bivalvia,NA,NA,NA,NA,NA,NA,NA,NA,NA,NA,NA,NA,other
NA,NA,NA,NA,NA,NA,NA,NA,Clam Juvenile,Clam Juvenile,Bivalvia larva,NA,NA,Adult,Bivalvia,Class,Mollusca,Bivalvia,NA,NA,NA,NA,NA,NA,NA,NA,NA,NA,NA,NA,other
NA,NA,NA,NA,NA,NA,NA,NA,Clam UNID,Clam UNID,Bivalvia undifferentiated,Bivalvia,Bivalvia,Juvenile,Bivalvia,Class,Mollusca,Bivalvia,NA,NA,NA,NA,NA,NA,NA,NA,NA,NA,NA,NA,other
NA,NA,NA,NA,NA,NA,NA,NA,Juvenile Clam,Juvenile Clam,NA,NA,NA,Juvenile,Bivalvia,Class,Mollusca,Bivalvia,NA,NA,NA,NA,NA,NA,NA,NA,NA,NA,NA,NA,other
NA,NA,NA,NA,NA,NA,NA,NA,Clam Other,Clam Other,NA,NA,NA,Undifferentiated,Bivalvia,Class,Mollusca,Bivalvia,NA,NA,NA,NA,NA,NA,NA,NA,NA,NA,NA,NA,other
NA,NA,NA,NA,NA,NA,NA,NA,clam other,clam other,NA,NA,NA,Adult,Corbicula fluminea,Species,Mollusca,Bivalvia,Veneroida,Corbiculidae,Corbicula,fluminea,NA,NA,NA,NA,NA,NA,NA,NA,other
NA,NA,NA,NA,NA,NA,NA,NA,Fluminicola,Fluminicola,NA,NA,NA,Adult,Fluminicola,Genus,Mollusca,Gastopoda,Littorinimorpha,Lythoglyphidae,Fluminicola,NA,NA,NA,NA,NA,NA,NA,NA,NA,other
NA,NA,NA,NA,NA,NA,NA,NA,Fossaria,Fossaria,NA,NA,NA,Adult,Galba,Genus,Mollusca,Gastropoda,Basommatophora,Lymnaeidae,Galba,NA,NA,NA,NA,NA,NA,NA,NA,NA,other
NA,NA,NA,NA,NA,NA,NA,NA,Lymnaea,Lymnaea,NA,NA,NA,Adult,Lymnaea,Genus,Mollusca,Gastropoda,Basommatophora,Lymnaeidae,Lymnaea,NA,NA,NA,NA,NA,NA,NA,NA,NA,other
NA,NA,NA,NA,NA,NA,NA,NA,Melanoides tuberculata,Melanoides tuberculata,NA,NA,NA,Adult,Melanoides tuberculata,Species,Mollusca,Gastropoda,Caenogastropoda,Thiaridae,Melanoides,tuberculata,NA,NA,NA,NA,NA,NA,NA,NA,other
NA,NA,NA,NA,NA,NA,NA,NA,Gyraulus,Gyraulus,NA,NA,NA,Adult,Gyraulus,Genus,Mollusca,Gastropoda,Hygrophila,Planorbidae,Gyraulus,NA,NA,NA,NA,NA,NA,NA,NA,NA,other
NA,NA,NA,NA,NA,NA,NA,NA,Physa,Physa,NA,NA,NA,Adult,Physa,Genus,Mollusca,Gastropoda,Hygrophila,Physidae,Physa,NA,NA,NA,NA,NA,NA,NA,NA,NA,other
NA,NA,NA,NA,NA,NA,NA,NA,Planorbella,Planorbella,NA,NA,NA,Adult,Planorbella,Genus,Mollusca,Gastropoda,Hygrophila,Planorbidae,Planorbella,NA,NA,NA,NA,NA,NA,NA,NA,NA,other
NA,NA,NA,NA,NA,NA,NA,NA,Planorbidae UNID,Planorbidae UNID,NA,NA,NA,Adult,Planorbidae,Family,Mollusca,Gastropoda,Hygrophila,Planorbidae,NA,NA,NA,NA,NA,NA,NA,NA,NA,NA,other
NA,NA,NA,NA,NA,NA,NA,NA,limpet,limpet,NA,NA,NA,Adult,Ferrissia californica,Species,Mollusca,Gastropoda,Limnophila,Ancylus,Ferrissia,californica,NA,NA,NA,NA,NA,NA,NA,NA,other
NA,NA,NA,NA,NA,NA,NA,NA,Hydrobiidae,Hydrobiidae,NA,NA,NA,Adult,Hydrobiidae,Family,Mollusca,Gastropoda,Littorinimorpha,Hydrobiidae,NA,NA,NA,NA,NA,NA,NA,NA,NA,NA,other
NA,NA,NA,NA,NA,NA,NA,NA,Nudibranch,Nudibranch,NA,NA,NA,Adult,Gastropoda,Class,Mollusca,Gastropoda,NA,NA,NA,NA,NA,NA,NA,NA,NA,NA,NA,NA,other
NA,NA,NA,NA,NA,NA,NA,NA,NA,NA,Mollusca undifferentiated,Gastropoda,Gastropoda,Adult,Gastropoda,Class,Mollusca,Gastropoda,NA,NA,NA,NA,NA,NA,NA,NA,NA,NA,NA,NA,other
NA,NA,NA,NA,NA,NA,NA,NA,NA,NA,Mollusca larva,NA,NA,Adult,Gastropoda,Class,Mollusca,Gastropoda,NA,NA,NA,NA,NA,NA,NA,NA,NA,NA,NA,NA,other
NA,NA,NA,NA,NA,NA,NA,NA,Snail UNID,Snail UNID,NA,NA,NA,Juvenile,Gastropoda,Class,Mollusca,Gastropoda,NA,NA,NA,NA,NA,NA,NA,NA,NA,NA,NA,NA,other
NA,NA,NA,NA,NA,NA,NA,NA,Snail Other,Snail Other,NA,NA,NA,Undifferentiated,Mollusca,Class,Mollusca,Gastropoda,NA,NA,NA,NA,NA,NA,NA,NA,NA,NA,NA,NA,other
NA,NA,NA,NA,NA,NA,NA,NA,Slug,Slug,NA,NA,NA,Undifferentiated,Nudibranchia,Order,Mollusca,Gastropoda,Nudibranchia,NA,NA,NA,NA,NA,NA,NA,NA,NA,NA,NA,other
NA,NA,NA,NA,NA,NA,NA,NA,Nematode,Nematode,NA,NA,NA,Adult,UnID Invertebrate,NA,NA,NA,NA,NA,NA,NA,NA,NA,NA,NA,NA,NA,NA,NA,other
NA,NA,NA,NA,NA,NA,NA,NA,Prostoma,Prostoma,NA,NA,NA,Egg,Egg,NA,NA,NA,NA,NA,NA,NA,NA,NA,NA,NA,NA,NA,NA,NA,other
NA,NA,NA,NA,NA,NA,NA,NA,Nemertea,Nemertea,NA,NA,NA,Egg,UNID,NA,NA,NA,NA,NA,NA,NA,NA,NA,NA,NA,NA,NA,NA,NA,other
NA,NA,NA,NA,NA,NA,NA,NA,Planaria,Planaria,NA,NA,NA,Undifferentiated,Animal material UNID,NA,NA,NA,NA,NA,NA,NA,NA,NA,NA,NA,NA,NA,NA,NA,other
ASPLANCH,ASPLANCH,NA,ASPLANCH,NA,ASPLANCH,NA,Asplanchna,Asplanchna,Asplanchna,NA,NA,NA,Undifferentiated,Nematoda,Phylum,Nematoda,NA,NA,NA,NA,NA,NA,NA,NA,NA,NA,NA,NA,NA,other
NA,NA,NA,NA,NA,NA,NA,NA,Branchionus,Branchionus,NA,NA,NA,Undifferentiated,Prostoma,Genus,Nemertea,Enopla,Monostilifera,Tetrastemmatidae,Prostoma,NA,NA,NA,NA,NA,NA,NA,NA,NA,other
NA,NA,NA,NA,NA,NA,NA,NA,Kellicottia,Kellicottia,NA,NA,NA,Undifferentiated,Nemertea,Phylum,Nemertea,NA,NA,NA,NA,NA,NA,NA,NA,NA,NA,NA,NA,NA,other
KERATELA,KERATELA,NA,KERATELA,NA,KERATELA,NA,Keratella,Keratella,Keratella,NA,NA,NA,Undifferentiated,Girardia tigrina,Species,Platyhelminthes,Rhabditophora,Tricladida,Dugesiidae,Girardia,tigrina,NA,NA,NA,NA,NA,NA,NA,NA,other
NA,NA,NA,NA,NA,NA,NA,NA,Platyias,Platyias,NA,NA,NA,Adult,Asplanchna,Genus,Rotifera,Eurotatoria,Ploima,Asplanchnidae,Asplanchna,NA,NA,1/1/1972,NA,1/1/1972,NA,NA,NA,NA,other
POLYARTH,POLYARTH,NA,POLYARTH,NA,POLYARTH,NA,Polyarthra,Polyarthra,Polyarthra,NA,NA,NA,Adult,Branchionus,Genus,Rotifera,Eurotatoria,Ploima,Brachionidae,Branchionus,NA,NA,NA,NA,NA,NA,NA,NA,NA,other
SYNCH,SYNCH,NA,SYNCH,NA,SYNCH,NA,Synchaeta,Synchaeta,Synchaeta,NA,NA,NA,Adult,Kellicottia,Genus,Rotifera,Eurotatoria,Ploima,Brachionidae,Kellicottia,NA,NA,NA,NA,NA,NA,NA,NA,NA,other
SYNCHBIC,SYNCHBIC,NA,NA,NA,NA,NA,Synchaeta bicornis,Synchaeta bicornis,Synchaeta bicornis,NA,NA,NA,Adult,Keratella,Genus,Rotifera,Eurotatoria,Ploima,Brachionidae,Keratella,NA,NA,1/1/1972,NA,1/1/1972,NA,NA,NA,NA,other
TRICHO,TRICHO,NA,TRICHO,NA,TRICHO,NA,Trichocerca,Trichocerca,Trichocerca,NA,NA,NA,Adult,Platyias,Genus,Rotifera,Eurotatoria,Ploima,Brachionidae,Platyias,NA,NA,NA,NA,NA,NA,NA,NA,NA,other
NA,NA,NA,NA,NA,NA,NA,NA,NA,NA,Rotifera undifferentiated,NA,Rotifera,Adult,Polyarthra,Genus,Rotifera,Eurotatoria,Ploima,Synchaetidae,Polyarthra,NA,NA,1/1/1972,NA,1/1/1972,NA,NA,NA,NA,other
NA,NA,NA,NA,NA,NA,NA,Unid rotifer,NA,NA,NA,NA,NA,Adult,Synchaeta,Genus,Rotifera,Eurotatoria,Ploima,Synchaetidae,Synchaeta,NA,NA,1/1/1972,NA,1/1/1972,NA,NA,NA,NA,other
OTHROT,OTHROT,NA,OTHROT,NA,OTHROT,NA,Other rotifer,Rotifer Other,Rotifer Other,NA,NA,NA,Adult,Synchaeta bicornis,Species,Rotifera,Eurotatoria,Ploima,Synchaetidae,Synchaeta,Synchaeta bicornis,NA,1/1/1972,NA,NA,NA,NA,NA,NA,other
NA,NA,NA,NA,NA,NA,NA,NA,Tardigrade,Tardigrade,NA,NA,NA,Adult,Trichocerca,Genus,Rotifera,Eurotatoria,Ploima,Trichocercidae,Trichocerca,NA,NA,1/1/1972,NA,1/1/1972,NA,NA,NA,NA,other
NA,NA,NA,NA,NA,NA,NA,NA,NA,NA,NA,Tardigrada,Tardigrada,Adult,Rotifera,Phylum,Rotifera,NA,NA,NA,NA,NA,NA,NA,NA,NA,NA,NA,NA,NA,other
NA,NA,NA,NA,NA,NA,NA,NA,Invertebrate UNID,Invertebrate UNID,Unidentified undifferentiated,NA,NA,Adult,Rotifera,Phylum,Rotifera,NA,NA,NA,NA,NA,NA,1/1/1972,NA,1/1/1972,NA,1/1/1995,NA,NA,other
NA,NA,NA,NA,NA,NA,NA,NA,Animal material UNID,Animal material UNID,NA,Other,Other,Undifferentiated,Rotifera,Phylum,Rotifera,NA,NA,NA,NA,NA,NA,NA,NA,NA,NA,NA,NA,NA,other
NA,NA,NA,NA,NA,NA,NA,NA,Eggs UNID,Eggs UNID,NA,NA,NA,Adult,Tardigrada,Phylum,Tardigrada,NA,NA,NA,NA,NA,NA,NA,NA,NA,NA,NA,NA,NA,other
NA,NA,NA,NA,NA,NA,NA,NA,Egg Sacs,Egg Sacs,NA,NA,NA,Undifferentiated,Tardigrada,Phylum,Tardigrada,NA,NA,NA,NA,NA,NA,NA,NA,NA,NA,NA,NA,NA,other
